15	Ἀναξίβιος	Ἀναξίβιος	ADJ	Case=Nom|Gender=Masc|Number=Sing
14	πορείαν	πορεία	NOUN	Case=Acc|Gender=Fem|Number=Sing
14	ὑποζύ^γι^α^	ὑποζύγιον	NOUN	Case=Acc|Gender=Neut|Number=Plur
13	Κλεάνωρ	Κλεάνωρ	NOUN	Case=Nom|Gender=Masc|Number=Sing
13	στρα^τιὰ	στρατιά	NOUN	Case=Nom|Gender=Fem|Number=Sing
12	Ἀγασίας	Ἀγασία	NOUN	Case=Nom|Gender=Masc|Number=Sing
12	Ἀθηναῖος	ἀθηναῖος	ADJ	Case=Nom|Gender=Masc|Number=Sing
12	Ἀριαῖος	Ἀριαῖος	NOUN	Case=Nom|Gender=Masc|Number=Sing
11	Τιμασί^ων	Τιμάσιος	NOUN	Case=Gen|Gender=Masc|Number=Plur
11	καταλιπόντες	καταλείπω	VERB	Case=Nom|Gender=Masc|Number=Plur|Tense=Past|VerbForm=Part|Voice=Act
11	ἱερεῖα^	ἱερεῖα	NOUN	Case=Acc|Gender=Neut|Number=Plur
10	Στυμφάλιος	Στυμφάλιος	NOUN	Case=Nom|Gender=Masc|Number=Sing
9	τέτταρα^ς	τέτταρας	ADJ	Case=Acc|Gender=Masc|Number=Plur
9	ἱκανὰ^	ἱκανός	ADJ	Case=Nom|Gender=Neut|Number=Plur
9	ὑποζυ^γί^ων	ὑποζύγιον	NOUN	Case=Gen|Gender=Neut|Number=Plur
8	Εὐφράτην	εὐφράτης	NOUN	Case=Acc|Gender=Masc|Number=Sing
8	Μηδοσάδης	Μηδοσάδης	NOUN	Case=Nom|Gender=Masc|Number=Sing
8	Μιθραδάτης	Μιθραδάτης	NOUN	Case=Nom|Gender=Masc|Number=Sing
8	Μοσσυνοίκων	Μοσσυνοῖκος	NOUN	Case=Gen|Gender=Masc|Number=Plur
8	Φαλῖνος	Φαλῖνος	NOUN	Case=Nom|Gender=Masc|Number=Sing
8	θαλάττῃ	θαλάττῃ	NOUN	Case=Dat|Gender=Fem|Number=Sing
8	τεττάρων	τεττάρων	ADJ	Case=Gen|Gender=Masc|Number=Plur
8	τετταράκοντα^	τετταράκοντα	ADJ	
8	Ἀρίσταρχος	ἀρίσταρχος	NOUN	Case=Nom|Gender=Masc|Number=Sing
8	Ἑλληνίδα	ἑλληνίς	ADJ	Case=Acc|Gender=Fem|Number=Sing
8	Ὀρόντας	Ὀρόντας	VERB	Case=Acc|Gender=Masc|Number=Plur|Tense=Pres|VerbForm=Part|Voice=Act
7	μαχόμενοι	μάχομαι	VERB	Case=Nom|Gender=Masc|Number=Plur|Tense=Pres|VerbForm=Part|Voice=Mid
7	στρα^τιά	στρατιά	NOUN	Case=Nom|Gender=Fem|Number=Sing
7	στρατοπέδου	στρατόπεδον	NOUN	Case=Gen|Gender=Neut|Number=Sing
7	ἀπέθα^νε	ἀποθνήσκω	VERB	Mood=Ind|Number=Sing|Person=3|Tense=Past|VerbForm=Fin|Voice=Act
7	ἀπέθα^νον	ἀποθνήσκω	VERB	Mood=Ind|Number=Plur|Person=3|Tense=Past|VerbForm=Fin|Voice=Act
7	Ἀναξίβιον	Ἀναξίβιος	NOUN	Case=Acc|Gender=Masc|Number=Sing
7	Ἀχαιὸς	Ἀχαιός	ADJ	Case=Nom|Gender=Masc|Number=Sing
7	ὑπι_σχνεῖτο	ὑπισχνέομαι	VERB	Aspect=Imp|Mood=Ind|Number=Sing|Person=3|Tense=Past|VerbForm=Fin|Voice=Mid
6	Βαβυλῶνα^	βαβυλών	NOUN	Case=Acc|Gender=Fem|Number=Sing
6	Βυζάντιον	βυζάντιον	NOUN	Case=Acc|Gender=Neut|Number=Sing
6	Σιλανὸς	Σιλανὸς	NOUN	Case=Nom|Gender=Masc|Number=Sing
6	διάβασι^ν	διάβασις	NOUN	Case=Acc|Gender=Fem|Number=Sing
6	πα^ρα^διδόναι	παραδίδωμι	VERB	Tense=Pres|VerbForm=Inf|Voice=Act
6	παρασάγγαι	παρασάγγης	NOUN	Case=Nom|Gender=Masc|Number=Plur
6	φυλά^ττειν	φυλάσσω	VERB	Tense=Pres|VerbForm=Inf|Voice=Act
6	ἀγοράν	ἀγορά	NOUN	Case=Acc|Gender=Fem|Number=Sing
6	ἀριστερᾷ	ἀριστερός	ADJ	Case=Dat|Gender=Fem|Number=Sing
6	ἀφ'	ἀπό	SCONJ	
6	Ἀθηναῖον	ἀθηναῖος	ADJ	Case=Acc|Gender=Masc|Number=Sing
6	Ἀριαίου	Ἀριαίας	NOUN	Case=Gen|Gender=Masc|Number=Sing
6	Ἀριαῖον	Ἀριαῖος	NOUN	Case=Acc|Gender=Masc|Number=Sing
6	Ὀρχομένιος	Ὀρχομένιος	ADJ	Case=Nom|Gender=Masc|Number=Sing
6	ὑποζυ^γί^οις	ὑποζυγίοις	NOUN	Case=Dat|Gender=Neut|Number=Plur
5	Δαρδανεὺς	Δαρδανεύς	NOUN	Case=Nom|Gender=Masc|Number=Sing
5	Κίλισσα^	Κίλισσα	NOUN	Case=Nom|Gender=Fem|Number=Sing
5	Κερασούντιοι	Κερασούντιοι	VERB	Case=Nom|Gender=Masc|Number=Plur|Tense=Pres|VerbForm=Part|Voice=Act
5	Κιλικία_ς	κιλικία	NOUN	Case=Gen|Gender=Fem|Number=Sing
5	Κοιρατάδας	Κοιρατάδης	NOUN	Case=Nom|Gender=Masc|Number=Sing
5	Μηδοσάδην	Μηδοσάδης	NOUN	Case=Acc|Gender=Masc|Number=Sing
5	Παφλαγονία_ς	Παφλαγονία	NOUN	Case=Gen|Gender=Fem|Number=Sing
5	Συέννεσι^ς	Συέννεσις	NOUN	Case=Nom|Gender=Fem|Number=Sing
5	Τιμασίων	Τιμασίων	NOUN	Case=Gen|Gender=Masc|Number=Plur
5	Τιμασίωνι^	Τιμασίων	NOUN	Case=Dat|Gender=Masc|Number=Sing
5	Τιρίβαζος	Τιρίβαζος	NOUN	Case=Nom|Gender=Masc|Number=Sing
5	Φαρναβά^ζου	Φαρνάβαζος	NOUN	Case=Gen|Gender=Masc|Number=Sing
5	Φρυνί^σκος	Φρυνίσκος	NOUN	Case=Nom|Gender=Masc|Number=Sing
5	Χειρισόφῳ	Χειρισόφῳ	NOUN	Case=Dat|Gender=Masc|Number=Sing
5	θυομένῳ	θύω	VERB	Case=Dat|Gender=Masc|Number=Sing|Tense=Pres|VerbForm=Part|Voice=Mid
5	καταβάσεως	κατάβασις	NOUN	Case=Gen|Gender=Fem|Number=Sing
5	παραδόντες	παραδίδωμι	VERB	Case=Nom|Gender=Masc|Number=Plur|Tense=Past|VerbForm=Part|Voice=Act
5	προϊόντες	πρόειμι	VERB	Case=Nom|Gender=Masc|Number=Plur|Tense=Pres|VerbForm=Part|Voice=Act
5	τοξεύματα^	τοξεύμα	NOUN	Case=Nom|Gender=Neut|Number=Plur
5	τἀπιτήδεια^	τἀπιτήδειος	ADJ	Case=Acc|Gender=Neut|Number=Plur
5	χαράδραν	χαράδρα	NOUN	Case=Acc|Gender=Fem|Number=Sing
5	χωρίῳ	χωρίον	NOUN	Case=Dat|Gender=Neut|Number=Sing
5	ἀνεπαύοντο	ἀνεπαύοντο	VERB	Aspect=Imp|Mood=Ind|Number=Plur|Person=3|Tense=Past|VerbForm=Fin|Voice=Mid
5	ἀποθνῄσκειν	ἀποθνῄσκω	VERB	Tense=Pres|VerbForm=Inf|Voice=Act
5	ἀπολα^βεῖν	ἀπολαμβάνω	VERB	Tense=Past|VerbForm=Inf|Voice=Act
5	Ἀχαιός	ἀχαιός	ADJ	Case=Nom|Gender=Masc|Number=Sing
5	ἐξαπα^τήσα_ς	ἐξαπατέω	VERB	Case=Nom|Gender=Masc|Number=Sing|Tense=Past|VerbForm=Part|Voice=Act
5	ἑσπέραν	ἑσπέρα	NOUN	Case=Acc|Gender=Fem|Number=Sing
5	ὑπερβολῇ	ὑπερβολή	NOUN	Case=Dat|Gender=Fem|Number=Sing
4	Βυζαντίῳ	Βυζαντίῳ	NOUN	Case=Dat|Gender=Neut|Number=Sing
4	Καλλίμα^χος	καλλίμαχος	NOUN	Case=Nom|Gender=Masc|Number=Sing
4	Κιλικίαν	κιλίκιa	NOUN	Case=Acc|Gender=Fem|Number=Sing
4	Μηδία_ς	Μηδία	NOUN	Case=Gen|Gender=Fem|Number=Sing
4	Παρράσιος	Παρράσιος	NOUN	Case=Nom|Gender=Masc|Number=Sing
4	Πολυκράτης	πολυκράτης	NOUN	Case=Nom|Gender=Masc|Number=Sing
4	Συεννέσιος	Συέννεσις	NOUN	Case=Gen|Gender=Fem|Number=Sing
4	Φι^λήσιος	Φιλήσιος	ADJ	Case=Nom|Gender=Masc|Number=Sing
4	Χειρισόφου	Χειρισόφος	NOUN	Case=Gen|Gender=Masc|Number=Sing
4	δεξιὰ_ς	δεξιός	ADJ	Case=Acc|Gender=Fem|Number=Plur
4	δρεπανηφόρα^	δρεπανηφόρος	ADJ	Case=Nom|Gender=Neut|Number=Plur
4	κέρατος	κέρας	NOUN	Case=Gen|Gender=Neut|Number=Sing
4	καταλιπεῖν	καταλιμπάνω	VERB	Tense=Past|VerbForm=Inf|Voice=Act
4	μαχομένους	μάχομαι	VERB	Case=Acc|Gender=Masc|Number=Plur|Tense=Pres|VerbForm=Part|Voice=Mid
4	μισθοφορὰν	μισθοφορός	ADJ	Case=Acc|Gender=Fem|Number=Sing
4	παιανίσαντες	παιανίζω	VERB	Case=Nom|Gender=Masc|Number=Plur|Tense=Past|VerbForm=Part|Voice=Act
4	παντάπα_σι^	παντάπασι	ADV	
4	παρεκελεύετο	παρεκελεύετο	VERB	Aspect=Imp|Mood=Ind|Number=Sing|Person=3|Tense=Past|VerbForm=Fin|Voice=Mid
4	στρατοπέδῳ	στρατόπεδον	NOUN	Case=Dat|Gender=Neut|Number=Sing
4	συστρατεύεσθαι	συστρατεύω	VERB	Tense=Pres|VerbForm=Inf|Voice=Mid
4	τέτταρες	τέτταρες	NOUN	Case=Nom|Gender=Masc|Number=Plur
4	φυλάττεσθαι	φυλάσσω	VERB	Tense=Pres|VerbForm=Inf|Voice=Mid
4	φυλαττόμενος	φυλάττω	VERB	Case=Nom|Gender=Masc|Number=Sing|Tense=Pres|VerbForm=Part|Voice=Mid
4	ἀ^πιστίαν	ἀπιστία	NOUN	Case=Acc|Gender=Fem|Number=Sing
4	ἀδι^κεῖσθαι	ἀδικέω	VERB	Tense=Pres|VerbForm=Inf|Voice=Mid
4	ἀθύμως	ἀθύμος	ADV	
4	ἀμύ_να^σθαι	ἀμύνασθαι	VERB	Tense=Past|VerbForm=Inf|Voice=Mid
4	ἀργυρί^ου	ἀργύριον	NOUN	Case=Gen|Gender=Neut|Number=Sing
4	ἀριστήσαντες	ἀριστέω	VERB	Aspect=Perf|Case=Nom|Gender=Masc|Number=Plur|Tense=Past|VerbForm=Part|Voice=Act
4	Ἀριαίῳ	Ἄριαιος	NOUN	Case=Dat|Gender=Masc|Number=Sing
4	Ἀριστώνυμος	Ἀριστώνυμος	NOUN	Case=Nom|Gender=Masc|Number=Sing
4	Ἀσιναῖος	Ἀσιναῖος	NOUN	Case=Nom|Gender=Masc|Number=Sing
4	ἐγγυτάτω	ἐγγύς	ADV	Degree=Sup
4	ἐπεσιτίσαντο	ἐπεσιτίω	VERB	Mood=Ind|Number=Plur|Person=3|Tense=Past|VerbForm=Fin|Voice=Mid
4	ἥδιον	ἥδιος	ADJ	Case=Acc|Gender=Fem|Number=Sing
3	Θρᾴκιον	Θρᾴκιος	NOUN	Case=Nom|Gender=Neut|Number=Sing
3	Καλλίμα^χον	καλλίμαχος	NOUN	Case=Acc|Gender=Masc|Number=Sing
3	Καππαδοκία_ς	καππαδοκία	NOUN	Case=Gen|Gender=Fem|Number=Sing
3	Κερασοῦντα^	Κερασέω	VERB	Case=Acc|Gender=Masc|Number=Sing|Tense=Pres|VerbForm=Part|Voice=Act
3	Κορύλας	Κορύλας	NOUN	Case=Nom|Gender=Masc|Number=Sing
3	Κοτυωριτῶν	Κοτυωρίτης	NOUN	Case=Gen|Gender=Masc|Number=Plur
3	Μεθυδριεὺς	Μεθυδριεύς	NOUN	Case=Nom|Gender=Masc|Number=Sing
3	Μηδόσαδες	Μηδόσας	NOUN	Case=Voc|Gender=Masc|Number=Plur
3	Σινώπης	Σινώπη	NOUN	Case=Gen|Gender=Fem|Number=Sing
3	Στυμφάλιον	Στυμφάλιος	NOUN	Case=Acc|Gender=Masc|Number=Sing
3	Ταόχους	Ταόχους	NOUN	Case=Acc|Gender=Masc|Number=Plur
3	Τιμησίθεος	Τιμησίθος	NOUN	Case=Nom|Gender=Masc|Number=Sing
3	Τραπεζοῦντα^	Τραπεζοῦντα	NOUN	Case=Acc|Gender=Fem|Number=Sing
3	Φαλῖνε	Φαλῖνος	NOUN	Case=Voc|Gender=Masc|Number=Sing
3	Χειρίσοφε	Χειρίσοφος	NOUN	Case=Voc|Gender=Masc|Number=Sing
3	δαρεικούς	δαρεικός	NOUN	Case=Acc|Gender=Masc|Number=Plur
3	δαρεικοὺς	δαρεικοὺς	NOUN	Case=Acc|Gender=Masc|Number=Plur
3	διαβά^λλειν	διαβάλλω	VERB	Tense=Pres|VerbForm=Inf|Voice=Act
3	διαβάλλοντες	διαβάλλω	VERB	Case=Nom|Gender=Masc|Number=Plur|Tense=Pres|VerbForm=Part|Voice=Act
3	διεπράξαντο	διαπράσσω	VERB	Mood=Ind|Number=Plur|Person=3|Tense=Past|VerbForm=Fin|Voice=Mid
3	εὐεργεσίαν	εὐεργεσία	NOUN	Case=Acc|Gender=Fem|Number=Sing
3	θύσαντες	θύω	VERB	Case=Nom|Gender=Masc|Number=Plur|Tense=Past|VerbForm=Part|Voice=Act
3	κατάβα^σι^ς	κατάβασις	NOUN	Case=Nom|Gender=Fem|Number=Sing
3	κατακαίνειν	κατακαίνω	VERB	Tense=Pres|VerbForm=Inf|Voice=Act
3	καταλαβόντες	καταλαμβάνω	VERB	Case=Nom|Gender=Masc|Number=Plur|Tense=Past|VerbForm=Part|Voice=Act
3	καταλιπὼν	καταλιμπάνω	VERB	Case=Nom|Gender=Masc|Number=Sing|Tense=Past|VerbForm=Part|Voice=Act
3	καταμεῖναι	καταμένω	VERB	Tense=Past|VerbForm=Inf|Voice=Act
3	καταπηδήσα_ς	καταπηδέω	VERB	Case=Nom|Gender=Masc|Number=Sing|Tense=Past|VerbForm=Part|Voice=Act
3	παραπλέοντες	παραπλέω	VERB	Case=Nom|Gender=Masc|Number=Plur|Tense=Pres|VerbForm=Part|Voice=Act
3	παρασάγγην	παρασάγγης	NOUN	Case=Acc|Gender=Masc|Number=Sing
3	παρατεταγμένους	παρατάσσω	VERB	Aspect=Perf|Case=Acc|Gender=Masc|Number=Plur|Tense=Past|VerbForm=Part|Voice=Mid
3	προθυμίαν	προθυμία	NOUN	Case=Acc|Gender=Fem|Number=Sing
3	προσῇσαν	προσῇσαν	VERB	Mood=Ind|Number=Plur|Person=3|Tense=Past|VerbForm=Fin|Voice=Act
3	σατράπην	σατράπης	NOUN	Case=Acc|Gender=Masc|Number=Sing
3	σταυρώματα^	σταυρώματα	NOUN	Case=Acc|Gender=Neut|Number=Plur
3	στρατιάν	στρατιά	NOUN	Case=Acc|Gender=Fem|Number=Sing
3	συ^νταξάμενοι	συντάσσω	VERB	Case=Nom|Gender=Masc|Number=Plur|Tense=Past|VerbForm=Part|Voice=Mid
3	συνειλεγμένοι	συνειλεγμένοι	VERB	Aspect=Perf|Case=Nom|Gender=Masc|Number=Plur|Tense=Past|VerbForm=Part|Voice=Mid
3	συνεστρατεύοντο	συστρατεύω	VERB	Aspect=Imp|Mood=Ind|Number=Plur|Person=3|Tense=Past|VerbForm=Fin|Voice=Mid
3	τέτταρα^	τέτταροι	NUM	Case=Acc|Gender=Neut|Number=Plur
3	ταχύ	ταχύς	ADJ	Case=Acc|Gender=Neut|Number=Sing
3	τἀναντί^α^	ἐναντίος	ADJ	Case=Acc|Gender=Neut|Number=Plur
3	φάλαγγι^	φάλαγξ	NOUN	Case=Dat|Gender=Fem|Number=Sing
3	ἀδικοῦντα^	ἀδικέω	VERB	Case=Acc|Gender=Masc|Number=Sing|Tense=Pres|VerbForm=Part|Voice=Act
3	ἀθυ_μί^α_	ἀθυμία	NOUN	Case=Nom|Gender=Fem|Number=Sing
3	ἀλφίτων	ἄλφιτον	NOUN	Case=Gen|Gender=Neut|Number=Plur
3	ἀμα^χεὶ	ἀμαχεί	VERB	Mood=Ind|Number=Sing|Person=3|Tense=Pres|VerbForm=Fin|Voice=Act
3	ἀμαχεὶ	ἀμαχεί	NOUN	Case=Dat|Gender=Neut|Number=Sing
3	ἀνακραγόντες	ἀνακραγόντες	VERB	Case=Nom|Gender=Masc|Number=Plur|Tense=Pres|VerbForm=Part|Voice=Act
3	ἀπέκτεινε	ἀποκτείνω	VERB	Mood=Ind|Number=Sing|Person=3|Tense=Past|VerbForm=Fin|Voice=Act
3	ἀπαλλάττεσθαι	ἀπαλλάττω	VERB	Tense=Pres|VerbForm=Inf|Voice=Mid
3	ἀποβλέπων	ἀποβλέπω	VERB	Case=Nom|Gender=Masc|Number=Sing|Tense=Pres|VerbForm=Part|Voice=Act
3	ἀποδι^δόναι	ἀποδίδωμι	VERB	Tense=Pres|VerbForm=Inf|Voice=Act
3	ἀποδιδράσκοντα^	ἀποδιδράσκω	VERB	Case=Acc|Gender=Masc|Number=Sing|Tense=Pres|VerbForm=Part|Voice=Act
3	ἀποθα^νεῖν	ἀποθανεῖν;	VERB	Tense=Past|VerbForm=Inf|Voice=Act
3	ἀπολείπεσθαι	ἀπολιμπάνω	VERB	Tense=Pres|VerbForm=Inf|Voice=Mid
3	ἄφοδος	ἄφοδος	NOUN	Case=Nom|Gender=Fem|Number=Sing
3	Ἀγασία_ς	Ἀγασία	NOUN	Case=Gen|Gender=Fem|Number=Sing
3	Ἀρηξίων	Ἀρηξίες	NOUN	Case=Gen|Gender=Masc|Number=Plur
3	Ἀριστά^ρχου	ἀρίσταρχος	NOUN	Case=Gen|Gender=Masc|Number=Sing
3	Ἀρμενία_ν	Ἀρμενία	NOUN	Case=Acc|Gender=Fem|Number=Sing
3	Ἀχαιοὶ	ἀχαιός	ADJ	Case=Nom|Gender=Masc|Number=Plur
3	Ἀχαιόν	Ἀχαιός	ADJ	Case=Acc|Gender=Masc|Number=Sing
3	ἐκάθηντο	κάθηνμαι	VERB	Aspect=Imp|Mood=Ind|Number=Plur|Person=3|Tense=Past|VerbForm=Fin|Voice=Mid
3	ἐξαπατηθῆναι	ἐξαπατάω	VERB	Tense=Past|VerbForm=Inf|Voice=Pass
3	ἐξεπλάγη	ἐκπλήσσω	VERB	Mood=Ind|Number=Sing|Person=3|Tense=Past|VerbForm=Fin|Voice=Pass
3	ἐξιόντες	ἔξειμι	VERB	Case=Nom|Gender=Masc|Number=Plur|Tense=Pres|VerbForm=Part|Voice=Act
3	ἐπιθοῖντο	ἐπιθομαῖ	VERB	Mood=Opt|Number=Plur|Person=3|Tense=Past|VerbForm=Fin|Voice=Mid
3	ἐπὰν	ἐπάν	SCONJ	
3	ἰδιώτην	ἰδιώτης	NOUN	Case=Acc|Gender=Masc|Number=Sing
3	Ἰωνία_ς	ἰωνία	NOUN	Case=Gen|Gender=Fem|Number=Sing
3	Ὀλυμπίαν	ὀλυμπία	NOUN	Case=Acc|Gender=Fem|Number=Sing
3	Ὀρόνταν	Ὀρόνταν	NOUN	Case=Acc|Gender=Masc|Number=Sing
3	ὑπέμενον	ὑπομένω	VERB	Aspect=Imp|Mood=Ind|Number=Plur|Person=3|Tense=Past|VerbForm=Fin|Voice=Act
3	ὑπι^σχνούμενος	ὑπισχνέομαι	VERB	Case=Nom|Gender=Masc|Number=Sing|Tense=Pres|VerbForm=Part|Voice=Mid
3	ὑπι^σχνοῦμαι	ὑπισχνέομαι	VERB	Mood=Ind|Number=Sing|Person=1|Tense=Pres|VerbForm=Fin|Voice=Mid
2	Αἰσχίνης	αἰσχίνης	NOUN	Case=Nom|Gender=Masc|Number=Sing
2	Βαβυλωνία_ς	Βαβυλωνία	PROPN	Case=Gen|Gender=Fem|Number=Sing
2	Βαβυλῶνος	βαβυλών	NOUN	Case=Gen|Gender=Fem|Number=Sing
2	Βισάνθην	βισάνθη	NOUN	Case=Acc|Gender=Fem|Number=Sing
2	Δαμαρά^του	Δαμαράτου	NOUN	Case=Gen|Gender=Masc|Number=Sing
2	Δαρδανεύς	Δαρδανεύς	NOUN	Case=Nom|Gender=Masc|Number=Sing
2	Δαρδανεῖ	Δαρδανεῖ	PROPN	Case=Dat|Gender=Masc|Number=Sing
2	Δρίλας	Δρίλαι	NOUN	Case=Acc|Gender=Fem|Number=Plur
2	Εὐφράτῃ	εὐφράτης	NOUN	Case=Dat|Gender=Masc|Number=Sing
2	Ζαπάταν	Ζαπάτης	NOUN	Case=Acc|Gender=Masc|Number=Sing
2	Κερασουντί^οις	Κερασουντίοις	VERB	Case=Dat|Gender=Masc|Number=Plur|Tense=Pres|VerbForm=Part|Voice=Mid
2	Κερασοῦντι^	Κερασέω	VERB	Case=Dat|Gender=Neut|Number=Sing|Tense=Pres|VerbForm=Part|Voice=Act
2	Κορύλαν	Κορύλα	NOUN	Case=Acc|Gender=Fem|Number=Sing
2	Κοτυωρῖται	Κοτυωρίτης	NOUN	Case=Nom|Gender=Masc|Number=Plur
2	Κοτύωρα^	Κοτύωρα	NOUN	Case=Acc|Gender=Neut|Number=Plur
2	Λάκωνα^	λάκων	NOUN	Case=Acc|Gender=Masc|Number=Sing
2	Λυκαονία_ς	λυκαονία	PROPN	Case=Gen|Gender=Fem|Number=Sing
2	Λύκωνα^	Λύκων	NOUN	Case=Acc|Gender=Masc|Number=Sing
2	Πασίων	πασίων	NOUN	Case=Nom|Gender=Masc|Number=Sing
2	Παφλαγονικά^	Παφλαγονικός	ADJ	Case=Acc|Gender=Neut|Number=Plur
2	Παφλαγόνα^	Παφλαγών	NOUN	Case=Acc|Gender=Masc|Number=Sing
2	Πολυνί^κου	Πολυνίκας	NOUN	Case=Gen|Gender=Masc|Number=Sing
2	Σελινοῦς	Σελινοῦς	NOUN	Case=Acc|Gender=Masc|Number=Plur
2	Σιλανὸν	Σιλανὸς	NOUN	Case=Acc|Gender=Masc|Number=Sing
2	Σκυθηνῶν	Σκυθηνοί	NOUN	Case=Gen|Gender=Masc|Number=Plur
2	Σπαρτιάτην	σπαρτιάτης	ADJ	Case=Acc|Gender=Masc|Number=Sing
2	Τάοχοι	Τάοχοι	NOUN	Case=Nom|Gender=Masc|Number=Plur
2	Τευθρανία_ς	Τευθρανίη	NOUN	Case=Gen|Gender=Fem|Number=Sing
2	Τιριβά^ζου	Τιράβιζος	PROPN	Case=Gen|Gender=Masc|Number=Sing
2	Τολμίδην	Τολμίδης	NOUN	Case=Acc|Gender=Masc|Number=Sing
2	Τρῳάδος	τρῳάς	NOUN	Case=Gen|Gender=Fem|Number=Sing
2	Φαρνάβαζον	Φαρνάβαζος	NOUN	Case=Acc|Gender=Masc|Number=Sing
2	Φαρνάβαζος	Φαρνάβαζος	NOUN	Case=Nom|Gender=Masc|Number=Sing
2	Φαρναβά^ζῳ	Φαρνάβαζος	NOUN	Case=Dat|Gender=Masc|Number=Sing
2	Φι^λήσιον	Φιλήσιος	NOUN	Case=Acc|Gender=Masc|Number=Sing
2	Χρυσόπολι^ν	Χρυσόπολις	NOUN	Case=Acc|Gender=Fem|Number=Sing
2	αἰσθάνοιτο	αἰσθάνομαι	VERB	Mood=Opt|Number=Sing|Person=3|Tense=Pres|VerbForm=Fin|Voice=Mid
2	αἰσχύνην	αἰσχύνη	NOUN	Case=Acc|Gender=Fem|Number=Sing
2	βραχύτερα^	βραχύς	ADJ	Case=Acc|Degree=Cmp|Gender=Neut|Number=Plur
2	δι^αβεβηκότας	διαβαίνω	VERB	Aspect=Perf|Case=Acc|Gender=Masc|Number=Plur|Tense=Past|VerbForm=Part|Voice=Act
2	δι^αβεβηκότες	διαβαίνω	VERB	Aspect=Perf|Case=Nom|Gender=Masc|Number=Plur|Tense=Past|VerbForm=Part|Voice=Act
2	δι^εληλυθέναι	διεληλυθέναι	VERB	Aspect=Perf|Tense=Past|VerbForm=Inf|Voice=Pass
2	διαβατέον	διαβατέος	ADJ	Case=Nom|Gender=Neut|Number=Sing
2	διαβεβλημένος	διαβάλλω	VERB	Aspect=Perf|Case=Nom|Gender=Masc|Number=Sing|Tense=Past|VerbForm=Part|Voice=Mid
2	διαβιβά^ζειν	διαβιβάζω	VERB	Tense=Pres|VerbForm=Inf|Voice=Act
2	διαβιβάσαι	διαβιβάννυμι	VERB	Tense=Past|VerbForm=Inf|Voice=Act
2	διαθέμενοι	διατίθημι	VERB	Aspect=Perf|Case=Nom|Gender=Masc|Number=Plur|Tense=Past|VerbForm=Part|Voice=Mid
2	διακελευομένων	διακελεύω	VERB	Case=Gen|Gender=Masc|Number=Plur|Tense=Pres|VerbForm=Part|Voice=Mid
2	διαπραξάμενοι	διαπράσσω	VERB	Case=Nom|Gender=Masc|Number=Plur|Tense=Past|VerbForm=Part|Voice=Mid
2	διαπραξάμενος	διαπράσσω	VERB	Case=Nom|Gender=Masc|Number=Sing|Tense=Past|VerbForm=Part|Voice=Mid
2	διασπασθέντες	διασπάννυμι	VERB	Case=Nom|Gender=Masc|Number=Plur|Tense=Past|VerbForm=Part|Voice=Pass
2	διεδί^δου	διαδίδωμι	VERB	Aspect=Imp|Mood=Ind|Number=Sing|Person=3|Tense=Past|VerbForm=Fin|Voice=Act
2	διεπράξατο	διαπράσσω	VERB	Mood=Ind|Number=Sing|Person=3|Tense=Past|VerbForm=Fin|Voice=Mid
2	διεπράττοντο	διεπράττοντο	VERB	Aspect=Imp|Mood=Ind|Number=Plur|Person=3|Tense=Past|VerbForm=Fin|Voice=Mid
2	διηγεῖται	διηγεῖται	VERB	Mood=Ind|Number=Sing|Person=3|Tense=Pres|VerbForm=Fin|Voice=Act
2	διηγκυλωμένους	διηγκυλάομαι	VERB	Aspect=Perf|Case=Acc|Gender=Masc|Number=Plur|Tense=Past|VerbForm=Part|Voice=Mid
2	διώρυχος	διῶρυξ	NOUN	Case=Gen|Gender=Fem|Number=Sing
2	εἰσιέναι	εἴσειμι	VERB	Tense=Pres|VerbForm=Inf|Voice=Act
2	θώρακα^	θώραξ	NOUN	Case=Acc|Gender=Masc|Number=Sing
2	κα^ταβαίνοντες	καταβαίνω	VERB	Case=Nom|Gender=Masc|Number=Plur|Tense=Pres|VerbForm=Part|Voice=Act
2	κα^τεγέλα	κατεγέλα	VERB	Aspect=Imp|Mood=Ind|Number=Sing|Person=3|Tense=Past|VerbForm=Fin|Voice=Act
2	κακόνους	κακόνους	ADJ	Case=Acc|Gender=Masc|Number=Plur
2	καλοῦντες	καλέω	VERB	Case=Nom|Gender=Masc|Number=Plur|Tense=Pres|VerbForm=Part|Voice=Act
2	κατέκανε	κατέκανε	VERB	Mood=Ind|Number=Sing|Person=3|Tense=Past|VerbForm=Fin|Voice=Act
2	κατέκαυσεν	κατακαύω	VERB	Aspect=Perf|Mood=Ind|Number=Sing|Person=3|Tense=Past|VerbForm=Fin|Voice=Act
2	καταθέμενος	κατατίθημι	VERB	Case=Nom|Gender=Masc|Number=Sing|Tense=Past|VerbForm=Part|Voice=Mid
2	κατακάνοιεν	κατακάνω	VERB	Mood=Opt|Number=Plur|Person=3|Tense=Past|VerbForm=Fin|Voice=Act
2	κατακαύσαντες	κατακαίω	VERB	Case=Nom|Gender=Masc|Number=Plur|Tense=Past|VerbForm=Part|Voice=Act
2	κατακτείναντες	κατακτείνω	VERB	Case=Nom|Gender=Masc|Number=Plur|Tense=Past|VerbForm=Part|Voice=Act
2	καταλελειμμένους	καταλείπω	VERB	Aspect=Perf|Case=Acc|Gender=Masc|Number=Plur|Tense=Past|VerbForm=Part|Voice=Mid
2	καταμένειν	καταμένω	VERB	Tense=Pres|VerbForm=Inf|Voice=Act
2	καταμαθὼν	καταμανθάνω	VERB	Case=Nom|Gender=Masc|Number=Sing|Tense=Past|VerbForm=Part|Voice=Act
2	κατεκαύθη	κατακαίω	VERB	Mood=Ind|Number=Sing|Person=3|Tense=Past|VerbForm=Fin|Voice=Pass
2	κατεσκήνησα^ν	κατεσκήνησαν	VERB	Mood=Ind|Number=Plur|Person=3|Tense=Past|VerbForm=Fin|Voice=Act
2	κατεστρατοπεδεύσαντο	κατεστρατοπεδεύω	VERB	Mood=Ind|Number=Plur|Person=3|Tense=Past|VerbForm=Fin|Voice=Mid
2	κεράμια^	κεράμιον	NOUN	Case=Acc|Gender=Neut|Number=Plur
2	κρηπὶς	κρηπίς	NOUN	Case=Nom|Gender=Fem|Number=Sing
2	κυζικηνόν	κυζικηνός	NOUN	Case=Acc|Gender=Masc|Number=Sing
2	κἄν	κἄν	CCONJ	
2	μαχαίραις	μαχαίρη	NOUN	Case=Dat|Gender=Fem|Number=Plur
2	μαχομένων	μάχομαι	VERB	Case=Gen|Gender=Masc|Number=Plur|Tense=Pres|VerbForm=Part|Voice=Mid
2	μαχούμενοι	μάχομαι	VERB	Case=Nom|Gender=Masc|Number=Plur|Tense=Pres|VerbForm=Part|Voice=Mid
2	μεγαλοπρεπῶς	μεγαλοπρεπῶς	ADV	
2	μεσημβρίαν	μεσημβρία	NOUN	Case=Acc|Gender=Fem|Number=Sing
2	μισθοφοράν	μισθοφορά	NOUN	Case=Acc|Gender=Fem|Number=Sing
2	μύρια^	μύρια	ADJ	Case=Acc|Gender=Neut|Number=Plur
2	νάπει	νάπος	NOUN	Case=Dat|Gender=Neut|Number=Sing
2	νεανί^σκος	νεανίσκος	NOUN	Case=Nom|Gender=Masc|Number=Sing
2	νουμηνία_ς	νεομηνία	NOUN	Case=Gen|Gender=Fem|Number=Sing
2	ξυλί^ναις	ξυλίναις	ADJ	Case=Dat|Gender=Fem|Number=Plur
2	ξυμμαχίαν	συμμαχία	NOUN	Case=Acc|Gender=Fem|Number=Sing
2	ξύλι^ναι	ξύλινος	ADJ	Case=Nom|Gender=Fem|Number=Plur
2	οὐρὰν	οὐρά	NOUN	Case=Acc|Gender=Fem|Number=Sing
2	παγχαλέπως	παγχαλέπως	ADV	
2	παιδείαν	παιδεία	NOUN	Case=Acc|Gender=Fem|Number=Sing
2	παιδικὰ^	παιδικόν	NOUN	Case=Acc|Gender=Neut|Number=Plur
2	παρήγγελτο	παρήγγελτο	VERB	Mood=Ind|Number=Sing|Person=3|Tense=Pqp|VerbForm=Fin|Voice=Mid
2	παραδείσου	παραδείσος	NOUN	Case=Gen|Gender=Masc|Number=Sing
2	παραδείσῳ	παράδεισος	NOUN	Case=Dat|Gender=Neut|Number=Sing
2	παραδραμεῖν	παραδραμεῖν	VERB	Tense=Past|VerbForm=Inf|Voice=Act
2	παρεκελεύοντο	παρεκελεύοντο	VERB	Aspect=Imp|Mood=Ind|Number=Plur|Person=3|Tense=Past|VerbForm=Fin|Voice=Mid
2	παρηγγύα	παρηγγύα	VERB	Aspect=Imp|Mood=Ind|Number=Sing|Person=3|Tense=Past|VerbForm=Fin|Voice=Act
2	παρόδου	πάροδος	NOUN	Case=Gen|Gender=Fem|Number=Sing
2	περίοδος	περίοδος	NOUN	Case=Nom|Gender=Fem|Number=Sing
2	πιστότατοι	πιστότατοι	ADJ	Case=Nom|Degree=Sup|Gender=Masc|Number=Plur
2	πλανωμένους	πλανάω	VERB	Case=Acc|Gender=Masc|Number=Plur|Tense=Pres|VerbForm=Part|Voice=Mid
2	πλεθριαῖον	πλεθριαῖος	ADJ	Case=Acc|Gender=Masc|Number=Sing
2	πολλαπλα^σίων	πολλαπλασίων	ADJ	Case=Gen|Gender=Masc|Number=Plur
2	πορεία	πορεία	NOUN	Case=Nom|Gender=Fem|Number=Sing
2	προδραμόντες	προτρέχω	VERB	Case=Nom|Gender=Masc|Number=Plur|Tense=Past|VerbForm=Part|Voice=Act
2	προσβατὸν	προσβατὸς	ADJ	Case=Nom|Gender=Neut|Number=Sing
2	προσεκύνησα^ν	προσκυνέω	VERB	Mood=Ind|Number=Plur|Person=3|Tense=Past|VerbForm=Fin|Voice=Act
2	προσελάσας	προσελαύνω	VERB	Case=Nom|Gender=Masc|Number=Sing|Tense=Past|VerbForm=Part|Voice=Act
2	προυθυμεῖτο	προυθυμεῖτο	VERB	Aspect=Imp|Mood=Ind|Number=Sing|Person=3|Tense=Past|VerbForm=Fin|Voice=Mid
2	προφύλακα^ς	προφύλακης	NOUN	Case=Acc|Gender=Masc|Number=Plur
2	προφύλαξι^	προφύλαξι	NOUN	Case=Dat|Gender=Masc|Number=Sing
2	προϊόντων	προϊόντων	VERB	Case=Gen|Gender=Masc|Number=Plur|Tense=Pres|VerbForm=Part|Voice=Mid
2	σκηνωμάτων	σκηνωμάτων	NOUN	Case=Gen|Gender=Neut|Number=Plur
2	σπάνει	σπάνις	NOUN	Case=Dat|Gender=Fem|Number=Sing
2	στασιάζοντα^	στασιάζω	VERB	Case=Acc|Gender=Masc|Number=Sing|Tense=Pres|VerbForm=Part|Voice=Act
2	στρατηγίαν	στρατηγία	NOUN	Case=Acc|Gender=Fem|Number=Sing
2	στρατιώτῃ	στρατιώτης	NOUN	Case=Dat|Gender=Masc|Number=Sing
2	στραφέντες	στρέφω	VERB	Case=Nom|Gender=Masc|Number=Plur|Tense=Past|VerbForm=Part|Voice=Pass
2	συνέλεξε	συλλέγω	VERB	Mood=Ind|Number=Sing|Person=3|Tense=Past|VerbForm=Fin|Voice=Act
2	συνέπεμψεν	συνέπεμπω	VERB	Mood=Ind|Number=Sing|Person=3|Tense=Past|VerbForm=Fin|Voice=Act
2	συνέφη	συνέφη	VERB	Mood=Ind|Number=Sing|Person=3|Tense=Past|VerbForm=Fin|Voice=Pass
2	συνεβάλλοντο	συμβάλλω	VERB	Aspect=Imp|Mood=Ind|Number=Plur|Person=3|Tense=Past|VerbForm=Fin|Voice=Mid
2	συνεβούλευε	συμβουλεύω	VERB	Aspect=Imp|Mood=Ind|Number=Sing|Person=3|Tense=Past|VerbForm=Fin|Voice=Act
2	συνεβούλευσεν	συμβουλεύω	VERB	Mood=Ind|Number=Sing|Person=3|Tense=Past|VerbForm=Fin|Voice=Act
2	συνελέγησα^ν	συνελέγησαν	VERB	Mood=Ind|Number=Plur|Person=3|Tense=Past|VerbForm=Fin|Voice=Act
2	συνενεγκόντες	συνενεγκόντες	VERB	Case=Nom|Gender=Masc|Number=Plur|Tense=Pres|VerbForm=Part|Voice=Act
2	συνεργοὺς	συνεργός	ADJ	Case=Acc|Gender=Masc|Number=Plur
2	συνηκολούθησα^ν	συνηκολούθησαν	VERB	Mood=Ind|Number=Plur|Person=3|Tense=Past|VerbForm=Fin|Voice=Pass
2	συνωμολόγει	συνωμολόγει	VERB	Aspect=Imp|Mood=Ind|Number=Sing|Person=3|Tense=Past|VerbForm=Fin|Voice=Act
2	συνόντων	σύνειμι	VERB	Case=Gen|Gender=Masc|Number=Plur|Tense=Pres|VerbForm=Part|Voice=Act
2	συσκευασάμενοι	συσκευασάμενοι	VERB	Aspect=Perf|Case=Nom|Gender=Masc|Number=Plur|Tense=Past|VerbForm=Part|Voice=Mid
2	συσκευασαμένους	συσκευανσάναμαι	VERB	Aspect=Perf|Case=Acc|Gender=Masc|Number=Plur|Tense=Past|VerbForm=Part|Voice=Mid
2	σφαγιάζεται	σφαγιάζω	VERB	Mood=Ind|Number=Sing|Person=3|Tense=Pres|VerbForm=Fin|Voice=Mid
2	σωτήρια^	σωτήρια	NOUN	Case=Acc|Gender=Neut|Number=Plur
2	τετρακισχίλια^	τετρακισχίλιοι	ADJ	Case=Acc|Gender=Neut|Number=Plur
2	τοξεύμασι^	τόξευμα	NOUN	Case=Dat|Gender=Neut|Number=Plur
2	φιλικῶς	φιλικῶς	ADV	
2	φιλοφρονούμενος	φιλοφρονέω	VERB	Case=Nom|Gender=Masc|Number=Sing|Tense=Pres|VerbForm=Part|Voice=Mid
2	φοβερώτατον	φοβερώς	ADJ	Case=Nom|Degree=Sup|Gender=Neut|Number=Sing
2	φρονήματι^	φρόνημα	NOUN	Case=Dat|Gender=Neut|Number=Sing
2	φρόνιμος	φρόνιμος	ADJ	Case=Nom|Gender=Masc|Number=Sing
2	φυλάττοντες	φυλάττω	VERB	Case=Nom|Gender=Masc|Number=Plur|Tense=Pres|VerbForm=Part|Voice=Act
2	φυλάττων	φυλάσσω	VERB	Case=Nom|Gender=Masc|Number=Sing|Tense=Pres|VerbForm=Part|Voice=Act
2	φυλαττόμενοι	φυλάττω	VERB	Case=Nom|Gender=Masc|Number=Plur|Tense=Pres|VerbForm=Part|Voice=Mid
2	χαράδρᾳ	χαράδρη	NOUN	Case=Dat|Gender=Fem|Number=Sing
2	χιόνα	χιόνα	NOUN	Case=Acc|Gender=Fem|Number=Sing
2	ἀ^πελθόντας	ἀπέρχομαι	VERB	Case=Acc|Gender=Masc|Number=Plur|Tense=Past|VerbForm=Part|Voice=Act
2	ἀ^πεχούσας	ἀπέχω	VERB	Case=Acc|Gender=Fem|Number=Plur|Tense=Pres|VerbForm=Part|Voice=Act
2	ἀγωνι^ούμεθα^	ἀγωνιούμεθα	VERB	Mood=Sub|Number=Plur|Person=1|Tense=Pres|VerbForm=Fin|Voice=Mid
2	ἀθυμίαν	ἀθυμία	NOUN	Case=Acc|Gender=Fem|Number=Sing
2	ἀκινάκην	ἀκινάκης	NOUN	Case=Acc|Gender=Fem|Number=Sing
2	ἀκροβολίσει	ἀκροβολίσις	NOUN	Case=Dat|Gender=Fem|Number=Sing
2	ἀκρωνυχίαν	ἀκρωνυχεία	NOUN	Case=Acc|Gender=Fem|Number=Sing
2	ἀλαλάξαντες	ἀλαλάζω	VERB	Case=Nom|Gender=Masc|Number=Plur|Tense=Past|VerbForm=Part|Voice=Act
2	ἀναβάσεως	ἀναβάσις	NOUN	Case=Gen|Gender=Fem|Number=Sing
2	ἀναζεύξαντες	ἀναζεύσσω	VERB	Case=Nom|Gender=Masc|Number=Plur|Tense=Past|VerbForm=Part|Voice=Act
2	ἀνακεκομισμένοι	ἀνακεκομισμένοι	VERB	Aspect=Perf|Case=Nom|Gender=Masc|Number=Plur|Tense=Past|VerbForm=Part|Voice=Mid
2	ἀνακοινῶσαι	ἀνακοινῶζω	VERB	Tense=Past|VerbForm=Inf|Voice=Act
2	ἀναλαβόντες	ἀναλαμβάνω	VERB	Case=Nom|Gender=Masc|Number=Plur|Tense=Past|VerbForm=Part|Voice=Act
2	ἀναπαύεσθαι	ἀναπαύω	VERB	Tense=Pres|VerbForm=Inf|Voice=Mid
2	ἀνεθορύβησα^ν	ἀνεθορύβησαν	VERB	Mood=Ind|Number=Plur|Person=3|Tense=Past|VerbForm=Fin|Voice=Pass
2	ἀνειπεῖν	ἀνειπεῖν	VERB	Tense=Past|VerbForm=Inf|Voice=Act
2	ἀπέδρα	ἀποδιδράσκω	VERB	Mood=Ind|Number=Sing|Person=3|Tense=Past|VerbForm=Fin|Voice=Act
2	ἀπέθνῃσκον	ἀποθνήσκω	VERB	Aspect=Imp|Mood=Ind|Number=Plur|Person=3|Tense=Past|VerbForm=Fin|Voice=Act
2	ἀπέκτεινά^ν	ἀπέκτεινάν	VERB	Mood=Ind|Number=Plur|Person=3|Tense=Past|VerbForm=Fin|Voice=Act
2	ἀπέκτεινα^ν	ἀποκτείνω	VERB	Mood=Ind|Number=Plur|Person=3|Tense=Past|VerbForm=Fin|Voice=Act
2	ἀπα^λλά^ξονται	ἀπαλλάγω	VERB	Mood=Ind|Number=Plur|Person=3|Tense=Fut|VerbForm=Fin|Voice=Mid
2	ἀποδί^δωσι^	ἀποδίδωμι	VERB	Mood=Ind|Number=Sing|Person=3|Tense=Pres|VerbForm=Fin|Voice=Act
2	ἀποδεδειγμένοι	ἀποδεδειγμένοι	VERB	Aspect=Perf|Case=Nom|Gender=Masc|Number=Plur|Tense=Past|VerbForm=Part|Voice=Mid
2	ἀποδιδόντος	ἀποδίδωμι	VERB	Case=Gen|Gender=Masc|Number=Sing|Tense=Pres|VerbForm=Part|Voice=Act
2	ἀποδώσειν	ἀποδίδωμι	VERB	Tense=Fut|VerbForm=Inf|Voice=Act
2	ἀποθά^νῃ	ἀποθνήσκω	VERB	Mood=Sub|Number=Sing|Person=3|Tense=Past|VerbForm=Fin|Voice=Act
2	ἀποθα^νόντα^ς	ἀποθνήσκω	VERB	Case=Acc|Gender=Masc|Number=Plur|Tense=Past|VerbForm=Part|Voice=Act
2	ἀποθνῄσκει	ἀποθνῄσκω	VERB	Mood=Ind|Number=Sing|Person=3|Tense=Pres|VerbForm=Fin|Voice=Act
2	ἀποθνῄσκουσι^ν	ἀποθνῄσκω	VERB	Mood=Ind|Number=Plur|Person=3|Tense=Pres|VerbForm=Fin|Voice=Act
2	ἀποκτείνουσι^	ἀποκτείνω	VERB	Mood=Ind|Number=Plur|Person=3|Tense=Pres|VerbForm=Fin|Voice=Act
2	ἀποκτενοῦντες	ἀποκτενόω	VERB	Case=Nom|Gender=Masc|Number=Plur|Tense=Fut|VerbForm=Part|Voice=Act
2	ἀπολώλεκεν	ἀπολώλεκεν	VERB	Aspect=Perf|Mood=Ind|Number=Sing|Person=3|Tense=Past|VerbForm=Fin|Voice=Act
2	ἀποσκεδαννυμένους	ἀποσκεδανόνμαι	VERB	Case=Acc|Gender=Masc|Number=Plur|Tense=Pres|VerbForm=Part|Voice=Mid
2	ἀποστὰ_ς	ἀφίστημι	VERB	Case=Nom|Gender=Masc|Number=Sing|Tense=Past|VerbForm=Part|Voice=Act
2	ἀποτεμόντες	ἀποτεγμάνω	VERB	Case=Nom|Gender=Masc|Number=Plur|Tense=Past|VerbForm=Part|Voice=Act
2	ἀποτμηθέντες	ἀποτμέω	VERB	Case=Nom|Gender=Masc|Number=Plur|Tense=Past|VerbForm=Part|Voice=Pass
2	ἀπόμα^χοι	ἀπόμαχος	ADJ	Case=Nom|Gender=Masc|Number=Plur
2	ἀπόφραξι^ν	ἀπόφραξις	NOUN	Case=Acc|Gender=Fem|Number=Sing
2	ἀρά^τω	ἀείρω	VERB	Aspect=Perf|Mood=Imp|Number=Sing|Person=3|Tense=Past|VerbForm=Fin|Voice=Act
2	ἀριθμός	ἀριθμός	NOUN	Case=Nom|Gender=Masc|Number=Sing
2	ἀριστοποιεῖσθαι	ἀριστοποιέω	VERB	Tense=Pres|VerbForm=Inf|Voice=Mid
2	ἀριστῶντι^	ἀριστῶς	NOUN	Case=Dat|Gender=Masc|Number=Sing
2	ἀτά^κτοις	ἀτάκτος	ADJ	Case=Dat|Gender=Masc|Number=Plur
2	ἀφήσετε	ἀφήσετε	VERB	Mood=Ind|Number=Plur|Person=2|Tense=Pres|VerbForm=Fin|Voice=Act
2	ἀφαιρεθεὶς	ἀφαιρεθεὶς	VERB	Case=Nom|Gender=Masc|Number=Sing|Tense=Past|VerbForm=Part|Voice=Pass
2	ἀφθονία	ἀφθονία	NOUN	Case=Nom|Gender=Fem|Number=Sing
2	ἀφόδῳ	ἀφόδῳ	NOUN	Case=Dat|Gender=Fem|Number=Sing
2	ἀχαρίστως	ἀχαρίστως	ADV	
2	ἁλισκομένων	ἁλίσκομαι	VERB	Case=Gen|Gender=Masc|Number=Plur|Tense=Pres|VerbForm=Part|Voice=Mid
2	ἁμιλλᾶσθαι	ἁμιλλάομαι	VERB	Tense=Pres|VerbForm=Inf|Voice=Mid
2	ἁρμαμάξης	ἄρμαμαξα	NOUN	Case=Gen|Gender=Fem|Number=Sing
2	ἄβα^τα^	ἄβατος	ADJ	Case=Nom|Gender=Neut|Number=Plur
2	ἄδειπνοι	ἄδειπνος	ADJ	Case=Nom|Gender=Masc|Number=Plur
2	ἄπορος	ἄπορος	ADJ	Case=Nom|Gender=Fem|Number=Sing
2	ἄφοδον	ἄφοδος	NOUN	Case=Acc|Gender=Fem|Number=Sing
2	Ἀβροκόμαν	Ἀβροκόμας	ADJ	Case=Acc|Gender=Masc|Number=Sing
2	Ἀγία_ς	Ἀγῖος	ADJ	Case=Gen|Gender=Fem|Number=Sing
2	Ἀγασί^ου	Ἀγασίος	NOUN	Case=Gen|Gender=Masc|Number=Sing
2	Ἀγασίαν	Ἀγασία	NOUN	Case=Acc|Gender=Fem|Number=Sing
2	Ἀθήνησι^	ἀθήνησι	ADV	
2	Ἀθηναίους	ἀθήναιος	NOUN	Case=Acc|Gender=Masc|Number=Plur
2	Ἀθηναῖοι	ἀθηναῖος	NOUN	Case=Nom|Gender=Masc|Number=Plur
2	Ἀμπρακιώτην	Ἀμπρακιώτας	NOUN	Case=Acc|Gender=Masc|Number=Sing
2	Ἀναξιβί^ου	Ἀναξιβίας	NOUN	Case=Gen|Gender=Masc|Number=Sing
2	Ἀναξιβίῳ	Ἀναξιβίῳς	NOUN	Case=Dat|Gender=Masc|Number=Sing
2	Ἀπόλλων	ἀπόλλων	NOUN	Case=Nom|Gender=Masc|Number=Sing
2	Ἀρίσταρχον	ἀρίσταρχος	NOUN	Case=Acc|Gender=Masc|Number=Sing
2	Ἀριαῖε	Ἀριαῖος	NOUN	Case=Voc|Gender=Masc|Number=Sing
2	Ἀριστέα_ς	ἀριστεύς	NOUN	Case=Acc|Gender=Masc|Number=Plur
2	Ἀρκαδι^κὸν	Ἀρκαδικός	ADJ	Case=Acc|Gender=Neut|Number=Sing
2	Ἀρμενία_	Ἀρμενία	NOUN	Case=Nom|Gender=Fem|Number=Sing
2	Ἀρτάοζος	Ἀρτάοζος	NOUN	Case=Nom|Gender=Masc|Number=Sing
2	Ἀρύστας	Ἀρύστας	NOUN	Case=Nom|Gender=Masc|Number=Sing
2	Ἀσί^ᾳ	ἀσία	NOUN	Case=Dat|Gender=Fem|Number=Sing
2	Ἀσιδάτης	Ἀσιδάτης	NOUN	Case=Nom|Gender=Masc|Number=Sing
2	Ἀχαιοί	ἀχαιός	ADJ	Case=Nom|Gender=Masc|Number=Plur
2	ἐγγύτατα^	ἐγγύτερος	ADJ	Case=Acc|Gender=Neut|Number=Plur
2	ἐγγύτερον	ἐγγύς	ADJ	Case=Acc|Degree=Cmp|Gender=Neut|Number=Sing
2	ἐγκεχαλινωμένοις	ἐγκεχαλινωμένοις	VERB	Case=Dat|Gender=Masc|Number=Plur|Tense=Pres|VerbForm=Part|Voice=Pass
2	ἐγκρατεῖς	ἐγκρατής	ADJ	Case=Acc|Gender=Masc|Number=Plur
2	ἐκαλλιέρει	ἐκαλλιέρει	VERB	Aspect=Imp|Mood=Ind|Number=Sing|Person=3|Tense=Past|VerbForm=Fin|Voice=Act
2	ἐνέδραν	ἐνέδρα	NOUN	Case=Acc|Gender=Fem|Number=Sing
2	ἐνωμοτία_ς	ἐνωμοτία	NOUN	Case=Gen|Gender=Fem|Number=Sing
2	ἐξαπα^τῆσαι	ἐξαπατέω	VERB	Tense=Past|VerbForm=Inf|Voice=Act
2	ἐξαπατώμενοι	ἐξαπατάω	VERB	Case=Nom|Gender=Masc|Number=Plur|Tense=Pres|VerbForm=Part|Voice=Mid
2	ἐξοπλισάμενοι	ἐξοπλάζομιι	VERB	Aspect=Perf|Case=Nom|Gender=Masc|Number=Plur|Tense=Past|VerbForm=Part|Voice=Mid
2	ἐπέλιπε	ἐπιλείπω	VERB	Mood=Ind|Number=Sing|Person=3|Tense=Past|VerbForm=Fin|Voice=Act
2	ἐπανελθόντες	ἐπανέρχομαι	VERB	Case=Nom|Gender=Masc|Number=Plur|Tense=Past|VerbForm=Part|Voice=Act
2	ἐπεδείκνυσα^ν	ἐπιδείκνυμι	VERB	Aspect=Imp|Mood=Ind|Number=Plur|Person=3|Tense=Past|VerbForm=Fin|Voice=Act
2	ἐπεψήφισε	ἐπεψήφισε	VERB	Mood=Ind|Number=Sing|Person=3|Tense=Past|VerbForm=Fin|Voice=Act
2	ἐπι^σιτισάμενοι	ἐπισιτίζω	VERB	Case=Nom|Gender=Masc|Number=Plur|Tense=Past|VerbForm=Part|Voice=Mid
2	ἐπι^σιτισμοῦ	ἐπισιτισμός	NOUN	Case=Gen|Gender=Masc|Number=Sing
2	ἐπικαιρί^ους	ἐπικαιρίους	ADJ	Case=Acc|Gender=Masc|Number=Plur
2	ἐπιμεληθῆναι	ἐπιμελέω	VERB	Tense=Past|VerbForm=Inf|Voice=Pass
2	ἐπιορκίαν	ἐπιορκία	NOUN	Case=Acc|Gender=Fem|Number=Sing
2	ἐπομόσας	ἐπομόσας	VERB	Case=Nom|Gender=Masc|Number=Sing|Tense=Past|VerbForm=Part|Voice=Act
2	ἐρύματος	ἐρύμα	NOUN	Case=Gen|Gender=Neut|Number=Sing
2	ἐφόδιον	ἐφόδιος	NOUN	Case=Acc|Gender=Neut|Number=Sing
2	ἑξα^κισχίλιοι	ἑξακισχίλιοι	ADJ	Case=Nom|Gender=Masc|Number=Plur
2	Ἐνυ_αλί^ῳ	ἐνυάλιος	NOUN	Case=Dat|Gender=Neut|Number=Sing
2	Ἐπύαξα^	Ἐπύαξα	VERB	Mood=Ind|Number=Sing|Person=1|Tense=Past|VerbForm=Fin|Voice=Act
2	Ἑκατώνυμος	Ἑκατώνυμος	ADJ	Case=Nom|Gender=Masc|Number=Sing
2	ἰσχυρὰ^	ἰσχυρός	ADJ	Case=Acc|Gender=Neut|Number=Plur
2	ἰτέον	ἰτέιος	AUX	Case=Acc|Gender=Neut|Number=Sing|Tense=Pres|VerbForm=Part|Voice=Act
2	ἱκέτευε	ἱκετεύω	VERB	Aspect=Imp|Mood=Ind|Number=Sing|Person=3|Tense=Past|VerbForm=Fin|Voice=Act
2	ἴητε	ἴω	VERB	Mood=Sub|Number=Plur|Person=2|Tense=Pres|VerbForm=Fin|Voice=Act
2	Ἰ^ωνί^αν	ἰωνία	NOUN	Case=Acc|Gender=Fem|Number=Sing
2	Ἱερώνυ^μος	ἱερώνυμος	PROPN	Case=Nom|Gender=Masc|Number=Sing
2	Ἱερώνυ^μόν	Ἱερώνυμος	NOUN	Case=Acc|Gender=Masc|Number=Sing
2	ὀκτα^κισχίλιοι	ὀκτακισχίλιοι	ADJ	Case=Nom|Gender=Masc|Number=Plur
2	ὁμαλὲς	ὁμαλής	ADJ	Case=Nom|Gender=Neut|Number=Sing
2	ὁπλιτι^κὸν	ὁπλιτικός	ADJ	Case=Acc|Gender=Neut|Number=Sing
2	ὅρια^	ὅριον	NOUN	Case=Acc|Gender=Neut|Number=Plur
2	ὑ^ποψία	ὑποψία	NOUN	Case=Nom|Gender=Fem|Number=Sing
2	ὑ^ποψία_ς	ὑποψία	NOUN	Case=Acc|Gender=Fem|Number=Plur
2	ὑπέμεινα^ν	ὑπομένω	VERB	Mood=Ind|Number=Plur|Person=3|Tense=Past|VerbForm=Fin|Voice=Act
2	ὑπέμενεν	ὑπομένω	VERB	Aspect=Imp|Mood=Ind|Number=Sing|Person=3|Tense=Past|VerbForm=Fin|Voice=Act
2	ὑπέσχου	ὑπέσχου	VERB	Mood=Ind|Number=Sing|Person=2|Tense=Past|VerbForm=Fin|Voice=Mid
2	ὑπέφαινεν	ὑπέφαινεν	VERB	Aspect=Imp|Mood=Ind|Number=Sing|Person=3|Tense=Past|VerbForm=Fin|Voice=Act
2	ὑπερβά^λλειν	ὑπερβάλλω	VERB	Tense=Pres|VerbForm=Inf|Voice=Act
2	ὑπερβά^ντες	ὑπερβαίνω	VERB	Case=Nom|Gender=Masc|Number=Plur|Tense=Past|VerbForm=Part|Voice=Act
2	ὑπηρέτα_ς	ὑπηρέτης	NOUN	Case=Acc|Gender=Masc|Number=Plur
2	ὑπι^σχνεῖται	ὑπισχνέομαι	VERB	Mood=Ind|Number=Sing|Person=3|Tense=Pres|VerbForm=Fin|Voice=Mid
2	ὑπι^σχνῇ	ὑπισχνῇ	VERB	Mood=Ind|Number=Sing|Person=2|Tense=Pres|VerbForm=Fin|Voice=Mid
2	ὑπι^σχνῶνται	ὑπισχνῶ	VERB	Mood=Sub|Number=Plur|Person=3|Tense=Pres|VerbForm=Fin|Voice=Mid
2	ὑπομένειν	ὑπομένω	VERB	Tense=Pres|VerbForm=Inf|Voice=Act
2	ὕπαρχος	ὕπαρχος	NOUN	Case=Nom|Gender=Masc|Number=Sing
2	ὠπισθοφυλά^κει	ὠπισθοφυλάκει	VERB	Aspect=Imp|Mood=Ind|Number=Sing|Person=3|Tense=Past|VerbForm=Fin|Voice=Act
2	ὤνια^	ὤνιον	NOUN	Case=Acc|Gender=Neut|Number=Plur
2	ᾐσθάνετο	ᾐσθάνετο	VERB	Aspect=Imp|Mood=Ind|Number=Sing|Person=3|Tense=Past|VerbForm=Fin|Voice=Mid
1	Αἰνείας	αἰνείας	NOUN	Case=Nom|Gender=Masc|Number=Sing
1	Αἰνιᾶνες	αἰνιάν	NOUN	Case=Nom|Gender=Masc|Number=Plur
1	Βαβυλῶνι^	Βαβυλών	NOUN	Case=Dat|Gender=Fem|Number=Sing
1	Βασία_ς	Βασίη	NOUN	Case=Acc|Gender=Fem|Number=Plur
1	Βασίας	Βασίης	NOUN	Case=Nom|Gender=Masc|Number=Sing
1	Βελέσυος	Βελέσυος	NOUN	Case=Gen|Gender=Neut|Number=Sing
1	Βοιωτία_ς	βοιωτία	NOUN	Case=Gen|Gender=Fem|Number=Sing
1	Γαυλίτης	Γαυλίτης	NOUN	Case=Nom|Gender=Masc|Number=Sing
1	Γοργίωνος	Γοργίων	NOUN	Case=Gen|Gender=Masc|Number=Sing
1	Γοργίᾳ	Γοργία	NOUN	Case=Dat|Gender=Masc|Number=Sing
1	Γυμνιά_ς	Γυμνιά	NOUN	Case=Gen|Gender=Fem|Number=Sing
1	Γωβρύας	Γωβρύας	NOUN	Case=Nom|Gender=Masc|Number=Sing
1	Δάναν	Δάναν	PROPN	
1	Δάρδατος	Δάρδατος	NOUN	Case=Gen|Gender=Masc|Number=Sing
1	Δαρδανέα^	Δαρδανεύς	NOUN	Case=Acc|Gender=Masc|Number=Sing
1	Δαφναγόραν	Δαφναγόρας	NOUN	Case=Acc|Gender=Masc|Number=Sing
1	Δερκυλίδᾳ	Δερκυλίδᾳς	NOUN	Case=Acc|Gender=Masc|Number=Sing
1	Δημοκράτην	Δημοκράτης	NOUN	Case=Acc|Gender=Masc|Number=Sing
1	Δρίλαις	Δρ́λης	NOUN	Case=Dat|Gender=Masc|Number=Plur
1	Θάψακος	Θάψακος	NOUN	Case=Nom|Gender=Neut|Number=Sing
1	Θαρύπαν	Θαρύπη	VERB	Aspect=Imp|Mood=Ind|Number=Sing|Person=3|Tense=Past|VerbForm=Fin|Voice=Act
1	Θρᾳκίων	Θρᾳκῖος	NOUN	Case=Gen|Gender=Masc|Number=Plur
1	Θρᾳκίῳ	Θρᾳκῖος	ADJ	Case=Dat|Gender=Masc|Number=Sing
1	Θύμβριον	Θύμβριος	NOUN	Case=Acc|Gender=Masc|Number=Sing
1	Θώρακα^	θώραξ	NOUN	Case=Acc|Gender=Masc|Number=Sing
1	Θώρακι^	Θώραξ	NOUN	Case=Dat|Gender=Masc|Number=Sing
1	Κάρκασον	Κάρκασος	NOUN	Case=Acc|Gender=Masc|Number=Sing
1	Κίλισσα^ν	Κίλισσαν	NOUN	Case=Acc|Gender=Fem|Number=Sing
1	Καλ	Καλ	ADJ	Case=Dat|Gender=Fem|Number=Sing
1	Καλλίμα^χός	Καλλίμαχος	NOUN	Case=Nom|Gender=Masc|Number=Sing
1	Καλχηδονία_ς	Καλχηδονία	NOUN	Case=Gen|Gender=Fem|Number=Sing
1	Κεντρίτην	Κεντρίτης	NOUN	Case=Acc|Gender=Masc|Number=Sing
1	Κερασουντί^ους	Κερασουντίους	VERB	Case=Acc|Gender=Masc|Number=Plur|Tense=Fut|VerbForm=Part|Voice=Act
1	Κερασουντίων	Κερασουντίων	NOUN	Case=Gen|Gender=Neut|Number=Plur
1	Κερασοῦντος	Κερασέω	VERB	Case=Gen|Gender=Masc|Number=Sing|Tense=Pres|VerbForm=Part|Voice=Act
1	Κηφισοφῶντος	Κηφισοφῶνς	NOUN	Case=Gen|Gender=Masc|Number=Sing
1	Κηφισόδωρον	Κηφισόδωρος	NOUN	Case=Acc|Gender=Masc|Number=Sing
1	Κηφισόδωρος	Κηφισόδωρος	NOUN	Case=Nom|Gender=Masc|Number=Sing
1	Κλεάνορα^	Κλεάνορα	NOUN	Case=Voc|Gender=Masc|Number=Sing
1	Κλεάνορος	Κλεάνωρ	NOUN	Case=Gen|Gender=Masc|Number=Sing
1	Κλεάρετον	Κλεάρετος	NOUN	Case=Acc|Gender=Masc|Number=Sing
1	Κλεάρετος	Κλεάρετος	NOUN	Case=Nom|Gender=Masc|Number=Sing
1	Κλεαγόρου	Κλεαγόρης	NOUN	Case=Gen|Gender=Masc|Number=Sing
1	Κοιρατάδαν	Κοιρατάδας	NOUN	Case=Acc|Gender=Masc|Number=Sing
1	Κοιρατάδᾳ	Κοιρατάδᾳ	NOUN	Case=Acc|Gender=Masc|Number=Sing
1	Κομανία_ς	Κομανία	NOUN	Case=Gen|Gender=Fem|Number=Sing
1	Κορύλα	Κορύλα	NOUN	Case=Dat|Gender=Fem|Number=Sing
1	Κοτυωρίτας	Κοτυωρίτες	NOUN	Case=Acc|Gender=Masc|Number=Plur
1	Κτησία_ς	Κτησία	NOUN	Case=Gen|Gender=Fem|Number=Sing
1	Κτησίας	Κτησίας	NOUN	Case=Nom|Gender=Masc|Number=Sing
1	Κυζίκῳ	Κυζίκῳ	NOUN	Case=Dat|Gender=Masc|Number=Sing
1	Κύρειοι	Κύρειος	ADJ	Case=Nom|Degree=Pos|Gender=Masc|Number=Plur
1	Κύρειον	Κύρειος	ADJ	Case=Acc|Gender=Neut|Number=Sing
1	Λάκωνι^	Λάκων	PROPN	Case=Dat|Gender=Masc|Number=Sing
1	Λάμψακον	Λάμψακος	NOUN	Case=Acc|Gender=Fem|Number=Sing
1	Λακεδαιμονί^ου	Λακεδαιμονῖος	ADJ	Case=Gen|Gender=Masc|Number=Sing
1	Λαμψάκῳ	Λαμψάκῳ	NOUN	Case=Dat|Gender=Fem|Number=Sing
1	Λεοντίνῳ	Λεοντίνῳ	NOUN	Case=Dat|Gender=Masc|Number=Sing
1	Λεώνυμος	Λεώνυμος	NOUN	Case=Nom|Gender=Masc|Number=Sing
1	Λουσιάτης	Λουσιάτης	NOUN	Case=Nom|Gender=Masc|Number=Sing
1	Λουσιέα^	Λουσιεύς	NOUN	Case=Acc|Gender=Masc|Number=Sing
1	Λουσιεύς	Λουσιεύς	NOUN	Case=Nom|Gender=Masc|Number=Sing
1	Λουσιεὺς	Λουσιεύς	NOUN	Case=Nom|Gender=Masc|Number=Sing
1	Λυ_δί^αν	λυδία	NOUN	Case=Acc|Gender=Fem|Number=Sing
1	Λυκείῳ	Λύκειον	NOUN	Case=Dat|Gender=Neut|Number=Sing
1	Μάσκαν	Μάσκας	NOUN	Case=Acc|Gender=Masc|Number=Sing
1	Μίδας	Μίδες	NOUN	Case=Acc|Gender=Masc|Number=Plur
1	Μαισάδης	Μαισάδας	NOUN	Case=Nom|Gender=Masc|Number=Sing
1	Μακίστιος	Μακίστιος	ADJ	Case=Nom|Gender=Masc|Number=Sing
1	Μαρωνείτης	Μαρωνείτης	NOUN	Case=Nom|Gender=Masc|Number=Sing
1	Μεγάβυζος	μεγάβυζος	NOUN	Case=Nom|Gender=Masc|Number=Sing
1	Μεγαβύζῳ	Μεγαβύζῳ	NOUN	Case=Dat|Gender=Masc|Number=Sing
1	Μεγαφέρνην	Μεγαφέρνης	ADJ	Case=Acc|Gender=Masc|Number=Sing
1	Μεθυδριεύς	Μεθυδριεύς	NOUN	Case=Nom|Gender=Masc|Number=Sing
1	Μελινοφάγων	Μελινοφάγων	NOUN	Case=Gen|Gender=Masc|Number=Plur
1	Μηδίαν	Μηδία	NOUN	Case=Acc|Gender=Fem|Number=Sing
1	Μηδοσάδῃ	Μηδοσάδης	NOUN	Case=Voc|Gender=Masc|Number=Sing
1	Μιλτοκύθης	Μιλτοκύθης	PROPN	Case=Nom|Gender=Masc|Number=Sing
1	Μυρίανδον	Μυρίανδος	NOUN	Case=Acc|Gender=Fem|Number=Sing
1	Μυσία_ς	Μυσία	NOUN	Case=Gen|Gender=Fem|Number=Sing
1	Μυσίᾳ	Μυσία	NOUN	Case=Dat|Gender=Fem|Number=Sing
1	Νίκαρχον	Νίκαρχος	NOUN	Case=Acc|Gender=Masc|Number=Sing
1	Νίκαρχος	Νίκαρχος	NOUN	Case=Nom|Gender=Masc|Number=Sing
1	Νικά^νδρου	Νικάνδρης	NOUN	Case=Gen|Gender=Masc|Number=Sing
1	Παρασκευασάμενοι	παρασκευάζω	VERB	Case=Nom|Gender=Masc|Number=Plur|Tense=Past|VerbForm=Part|Voice=Mid
1	Παριανούς	Παριανούς	NOUN	Case=Acc|Gender=Masc|Number=Plur
1	Πασί^ων	Πασίος	ADJ	Case=Gen|Gender=Masc|Number=Plur
1	Πασίωνος	Πασίων	NOUN	Case=Gen|Gender=Masc|Number=Sing
1	Πατηγύας	Πατηγύας	ADJ	Case=Nom|Gender=Masc|Number=Sing
1	Παφλαγονίαν	Παφλαγονία	NOUN	Case=Acc|Gender=Fem|Number=Sing
1	Παφλαγονικῇ	Παφλαγονικός	ADJ	Case=Dat|Gender=Fem|Number=Sing
1	Περσικά^	Περσικός	ADJ	Case=Nom|Gender=Neut|Number=Plur
1	Πολυκράτην	Πολυκράτης	NOUN	Case=Acc|Gender=Masc|Number=Sing
1	Πολυνί^κῳ	Πολυνίκος	NOUN	Case=Dat|Gender=Masc|Number=Sing
1	Πολύκρατες	Πολύκρατες	NOUN	Case=Voc|Gender=Masc|Number=Sing
1	Πολύνι^κον	Πολύνικος	NOUN	Case=Acc|Gender=Masc|Number=Sing
1	Πολύνι^κος	Πολύνικος	NOUN	Case=Nom|Gender=Masc|Number=Sing
1	Προπίνω	Προπίνω	VERB	Mood=Ind|Number=Sing|Person=1|Tense=Pres|VerbForm=Fin|Voice=Act
1	Πύραμον	Πύραμος	NOUN	Case=Acc|Gender=Masc|Number=Sing
1	Σαλμυδησσόν	Σαλμυδησσός	NOUN	Case=Acc|Gender=Masc|Number=Sing
1	Σαμόλαν	Σαμόλαν	NOUN	Case=Acc|Gender=Neut|Number=Sing
1	Σαμόλας	Σαμόλας	NOUN	Case=Nom|Gender=Masc|Number=Sing
1	Σηλυμβρία_ς	Σηλυμβρία	NOUN	Case=Gen|Gender=Fem|Number=Sing
1	Σηλυμβρίαν	Σηλυμβρία	NOUN	Case=Acc|Gender=Fem|Number=Sing
1	Σιτάλκαν	Σιτάλκης	NOUN	Case=Acc|Gender=Masc|Number=Sing
1	Σιττάκη	Σιττάκη	NOUN	Case=Nom|Gender=Fem|Number=Sing
1	Σπιθριδάτης	Σπιθριδάτης	NOUN	Case=Nom|Gender=Masc|Number=Sing
1	Στρατοκλῆς	Στρατοκλῆς	NOUN	Case=Nom|Gender=Masc|Number=Sing
1	Συέννεσι^ν	Συέννεσιν	NOUN	Case=Acc|Gender=Masc|Number=Sing
1	Σωτηρίδαν	Σωτηρίδας	NOUN	Case=Acc|Gender=Masc|Number=Sing
1	Σωτηρίδας	Σωτηρίδης	NOUN	Case=Acc|Gender=Masc|Number=Plur
1	Ταμώ	Ταμώς	NOUN	Case=Dat|Gender=Masc|Number=Sing
1	Ταμὼς	Ταμὼς	ADV	
1	Ταόχων	Ταόχος	NOUN	Case=Gen|Gender=Masc|Number=Plur
1	Τηλεβόαν	Τηλεβόας	NOUN	Case=Acc|Gender=Masc|Number=Sing
1	Τημνίτην	Τημνίτης	NOUN	Case=Acc|Gender=Masc|Number=Sing
1	Τιμασίωνα^	Τιμασίων	NOUN	Case=Acc|Gender=Masc|Number=Sing
1	Τιμησίθεον	Τιμησίθεος	NOUN	Case=Acc|Gender=Masc|Number=Sing
1	Τισσαφέρνη	Τισσαφέρνης	NOUN	Case=Voc|Gender=Masc|Number=Sing
1	Τολμίδης	τολμίδης	NOUN	Case=Nom|Gender=Masc|Number=Sing
1	Τρανίψαι	Τρανίπτω	VERB	Tense=Past|VerbForm=Inf|Voice=Act
1	Τραπεζοῦντι^	Τραπεζοῦς	NOUN	Case=Dat|Gender=Masc|Number=Sing
1	Τραπεζοῦντος	τραπεζοῦς	NOUN	Case=Gen|Gender=Masc|Number=Sing
1	Τρῳάδα	τρῳάς	NOUN	Case=Acc|Gender=Fem|Number=Sing
1	Τυριάειον	Τυριάειος	NOUN	Case=Acc|Gender=Neut|Number=Sing
1	Φαλῖνός	Φαλῖνός	NOUN	Case=Nom|Gender=Masc|Number=Sing
1	Φρασίας	Φρασίας	NOUN	Case=Nom|Gender=Masc|Number=Sing
1	Φρυγίαν	φρυγία	NOUN	Case=Acc|Gender=Fem|Number=Sing
1	Φωκαΐδα	Φωκαΐς	NOUN	Case=Acc|Gender=Fem|Number=Sing
1	Χαρμίνῳ	Χαρμίνῳ	NOUN	Case=Dat|Gender=Masc|Number=Sing
1	Χρυσοπόλει	Χρυσοπόλει	NOUN	Case=Dat|Gender=Fem|Number=Sing
1	αἰγι^αλοῦ	αἰγιαλός	NOUN	Case=Gen|Gender=Masc|Number=Sing
1	αἰδημονέστατος	αἰδημονέστερος	ADJ	Case=Nom|Degree=Sup|Gender=Masc|Number=Sing
1	αἰκισάμενος	αἰκάζομιι	VERB	Aspect=Perf|Case=Nom|Gender=Masc|Number=Sing|Tense=Past|VerbForm=Part|Voice=Mid
1	αἰσθάνεσθε	αἰσθάνομαι	VERB	Mood=Ind|Number=Plur|Person=2|Tense=Pres|VerbForm=Fin|Voice=Mid
1	αἰσθάνομαι	αἰσθάνομαι	VERB	Mood=Ind|Number=Sing|Person=1|Tense=Pres|VerbForm=Fin|Voice=Mid
1	αἰτησάμενοι	αἰτέω	VERB	Case=Nom|Gender=Masc|Number=Plur|Tense=Past|VerbForm=Part|Voice=Mid
1	αἱρεθέντας	αἱρέω	VERB	Case=Acc|Gender=Masc|Number=Plur|Tense=Past|VerbForm=Part|Voice=Pass
1	αὐτοκράτορα^	αὐτοκράτωρ	NOUN	Case=Acc|Gender=Masc|Number=Sing
1	βάσιμα^	βάσιμος	ADJ	Case=Nom|Gender=Neut|Number=Plur
1	βαδίζων	βαδίζω	VERB	Case=Nom|Gender=Masc|Number=Sing|Tense=Pres|VerbForm=Part|Voice=Act
1	βακτηρίαν	βακτηρία	NOUN	Case=Acc|Gender=Fem|Number=Sing
1	βαλά^νου	βαλάνος	NOUN	Case=Gen|Gender=Fem|Number=Sing
1	βαρβαρικά^	βαρβαρικός	ADJ	Case=Nom|Gender=Neut|Number=Plur
1	βαρβαρωτά^τους	βαρβαρός	ADJ	Case=Acc|Degree=Sup|Gender=Masc|Number=Plur
1	βασιλεύσοντι^	βασιλεύσω	VERB	Case=Dat|Gender=Masc|Number=Sing|Tense=Pres|VerbForm=Part|Voice=Act
1	βατὰ	βατὰ	ADV	
1	βιασάμενοι	βιασάμενοι	VERB	Case=Nom|Gender=Masc|Number=Plur|Tense=Past|VerbForm=Part|Voice=Mid
1	βλακεύειν	βλακεύω	VERB	Tense=Pres|VerbForm=Inf|Voice=Act
1	βλακεύοντα^	βλακεύω	VERB	Case=Acc|Gender=Masc|Number=Sing|Tense=Pres|VerbForm=Part|Voice=Act
1	βοιωτιάζων	βοιωτιάζω	VERB	Case=Nom|Gender=Masc|Number=Sing|Tense=Pres|VerbForm=Part|Voice=Act
1	βορέας	βορέας	NOUN	Case=Acc|Gender=Masc|Number=Plur
1	βοσκημάτων	βοσκημάτων	NOUN	Case=Gen|Gender=Neut|Number=Plur
1	βουλευσάμενοι	βουλεύω	VERB	Case=Nom|Gender=Masc|Number=Plur|Tense=Past|VerbForm=Part|Voice=Mid
1	βουλιμιῶσι^	βουλιμιάω	VERB	Mood=Sub|Number=Plur|Person=3|Tense=Pres|VerbForm=Fin|Voice=Act
1	βουλιμιῶσι^ν	βουλιμιάω	NOUN	Case=Dat|Gender=Masc|Number=Plur
1	βραδύτατον	βραδύς	ADJ	Case=Nom|Degree=Sup|Gender=Neut|Number=Sing
1	γεγαμημένην	γαμέω	VERB	Aspect=Perf|Case=Acc|Gender=Fem|Number=Sing|Tense=Past|VerbForm=Part|Voice=Mid
1	γεγραφότος	γεγραφότος	VERB	Case=Gen|Gender=Masc|Number=Sing|Tense=Pres|VerbForm=Part|Voice=Act
1	γεμούσας	γέμω	VERB	Case=Acc|Gender=Fem|Number=Plur|Tense=Pres|VerbForm=Part|Voice=Act
1	γερόντια^	γερόντιον	NOUN	Case=Acc|Gender=Neut|Number=Plur
1	γηίνων	γηίνων	ADJ	Case=Gen|Degree=Pos|Gender=Masc|Number=Plur
1	γοητευθέντας	γοητευθέντας	VERB	Case=Acc|Gender=Masc|Number=Plur|Tense=Past|VerbForm=Part|Voice=Pass
1	γρᾴδια^	γρᾴδιον	NOUN	Case=Acc|Gender=Neut|Number=Plur
1	δαπανώμενα^	δαπανώμενα	VERB	Case=Acc|Gender=Neut|Number=Plur|Tense=Pres|VerbForm=Part|Voice=Mid
1	δαπανῶντες	δαπανάω	VERB	Case=Nom|Gender=Masc|Number=Plur|Tense=Pres|VerbForm=Part|Voice=Act
1	δαρεικοῦ	δαρεικοῦ	NOUN	Case=Gen|Gender=Masc|Number=Sing
1	δαρεικὸν	δαρεικός	ADJ	Case=Acc|Gender=Masc|Number=Sing
1	δαρεικὸς	δαρεικὸς	NOUN	Case=Nom|Gender=Masc|Number=Sing
1	δαρεικῶν	δαρεικός	NOUN	Case=Gen|Gender=Masc|Number=Plur
1	δεκαπέντε	δεκαπέντε	NUM	
1	δεκατεύων	δεκατεύω	VERB	Case=Nom|Gender=Masc|Number=Sing|Tense=Pres|VerbForm=Part|Voice=Act
1	δημαγωγεῖ	δημαγωγέω	VERB	Mood=Ind|Number=Sing|Person=3|Tense=Pres|VerbForm=Fin|Voice=Act
1	δι^άγοντα^ς	διάγω	VERB	Case=Acc|Gender=Masc|Number=Plur|Tense=Pres|VerbForm=Part|Voice=Act
1	δι^άγων	διάγω	VERB	Case=Nom|Gender=Masc|Number=Sing|Tense=Pres|VerbForm=Part|Voice=Act
1	δι^έλαβον	διλαμβάνω	VERB	Mood=Ind|Number=Plur|Person=3|Tense=Past|VerbForm=Fin|Voice=Act
1	δι^ήλασα^	διήλασα	VERB	Mood=Ind|Number=Sing|Person=1|Tense=Past|VerbForm=Fin|Voice=Act
1	δι^αβα^τός	διαβατός	ADJ	Case=Nom|Gender=Masc|Number=Sing
1	δι^αβαίνοντα^ς	διαβαίνω	VERB	Case=Acc|Gender=Masc|Number=Plur|Tense=Pres|VerbForm=Part|Voice=Act
1	δι^αβαίνοντες	διαβαίνω	VERB	Case=Nom|Gender=Masc|Number=Plur|Tense=Pres|VerbForm=Part|Voice=Act
1	δι^αβατοὶ	διαβατός	ADJ	Case=Nom|Gender=Masc|Number=Plur
1	δι^αβατὸν	διαβατός	ADJ	Case=Nom|Gender=Neut|Number=Sing
1	δι^αβατὸς	διαβατός	ADJ	Case=Nom|Gender=Masc|Number=Sing
1	δι^αγαγὼν	διάγω	VERB	Case=Nom|Gender=Masc|Number=Sing|Tense=Past|VerbForm=Part|Voice=Act
1	δι^αιθριά^ζειν	διαιθριάζω	VERB	Tense=Pres|VerbForm=Inf|Voice=Act
1	δι^εληλύθα^μεν	διεληλύθαμεν	VERB	Mood=Ind|Number=Plur|Person=1|Tense=Past|VerbForm=Fin|Voice=Act
1	δι^ελθόντας	διέρχομαι	VERB	Case=Acc|Gender=Masc|Number=Plur|Tense=Past|VerbForm=Part|Voice=Act
1	δι^ιέναι	διίημι	VERB	Tense=Pres|VerbForm=Inf|Voice=Act
1	δι^μοιρία	διμοιρία	NOUN	Case=Nom|Gender=Fem|Number=Sing
1	διάδοτε	διάδοτε	VERB	Mood=Imp|Number=Plur|Person=2|Tense=Past|VerbForm=Fin|Voice=Act
1	διάκειται	διάκειμαι	VERB	Mood=Ind|Number=Sing|Person=3|Tense=Pres|VerbForm=Fin|Voice=Mid
1	διάρριψι^ς	διάρριψις	NOUN	Case=Nom|Gender=Fem|Number=Sing
1	διάσχοιεν	διάσχοιεν	VERB	Mood=Opt|Number=Plur|Person=3|Tense=Past|VerbForm=Fin|Voice=Act
1	διέβαλλε	διαβάλλω	VERB	Aspect=Imp|Mood=Ind|Number=Sing|Person=3|Tense=Past|VerbForm=Fin|Voice=Act
1	διέδωκα^	διαδίδωμι	VERB	Mood=Ind|Number=Sing|Person=1|Tense=Past|VerbForm=Fin|Voice=Act
1	διέκειντο	διάκεινμαι	VERB	Aspect=Imp|Mood=Ind|Number=Plur|Person=3|Tense=Past|VerbForm=Fin|Voice=Mid
1	διέκλα	διέκλα	VERB	Mood=Ind|Number=Sing|Person=3|Tense=Past|VerbForm=Fin|Voice=Act
1	διέπεμπε	διαπέμπω	VERB	Aspect=Imp|Mood=Ind|Number=Sing|Person=3|Tense=Past|VerbForm=Fin|Voice=Act
1	διέρριψα^ς	διέρριπτω	VERB	Mood=Ind|Number=Sing|Person=2|Tense=Past|VerbForm=Fin|Voice=Act
1	διέφευγον	διέφευγον	VERB	Aspect=Imp|Mood=Ind|Number=Plur|Person=3|Tense=Past|VerbForm=Fin|Voice=Act
1	διήρπαστο	διήρπαστο	VERB	Mood=Ind|Number=Sing|Person=3|Tense=Pqp|VerbForm=Fin|Voice=Mid
1	διήσοιεν	διήσω	VERB	Mood=Opt|Number=Plur|Person=3|Tense=Pres|VerbForm=Fin|Voice=Act
1	διήσουσι^ν	διήω	VERB	Mood=Ind|Number=Plur|Person=3|Tense=Fut|VerbForm=Fin|Voice=Act
1	διαβά^λλει	διαβάλλω	VERB	Mood=Ind|Number=Sing|Person=3|Tense=Pres|VerbForm=Fin|Voice=Act
1	διαβά^σεις	διαβάσις	NOUN	Case=Acc|Gender=Fem|Number=Plur
1	διαβάλλοντα^	διαβάλλω	VERB	Case=Acc|Gender=Masc|Number=Sing|Tense=Pres|VerbForm=Part|Voice=Act
1	διαβάλλων	διαβάλλω	VERB	Case=Nom|Gender=Masc|Number=Sing|Tense=Pres|VerbForm=Part|Voice=Act
1	διαβάσει	διαβάσος	NOUN	Case=Dat|Gender=Fem|Number=Sing
1	διαβάσεως	διάβασις	NOUN	Case=Gen|Gender=Fem|Number=Sing
1	διαβα^τέος	διαβατέος	ADJ	Case=Nom|Gender=Masc|Number=Sing
1	διαβεβηκόσι^	διαβεβηκόσι	VERB	Aspect=Perf|Case=Dat|Gender=Masc|Number=Plur|Tense=Past|VerbForm=Part|Voice=Act
1	διαβησομένους	διαβέω	VERB	Case=Acc|Gender=Masc|Number=Plur|Tense=Fut|VerbForm=Part|Voice=Mid
1	διαβησόμενοι	διαβησόμενοι	VERB	Case=Nom|Gender=Masc|Number=Plur|Tense=Fut|VerbForm=Part|Voice=Pass
1	διαβιβάσοντα^ς	διαβιβάσοντας	VERB	Case=Acc|Gender=Masc|Number=Plur|Tense=Fut|VerbForm=Part|Voice=Act
1	διαβιβάσοντες	διαβιβάσοντες	VERB	Case=Nom|Gender=Masc|Number=Plur|Tense=Past|VerbForm=Part|Voice=Act
1	διαβιβαζόμεναι	διαβιβαζόμεναι	VERB	Case=Nom|Gender=Fem|Number=Plur|Tense=Pres|VerbForm=Part|Voice=Mid
1	διαβολῆς	διαβολή	NOUN	Case=Gen|Gender=Fem|Number=Sing
1	διαγγελθῇ	διαγγελθῇ	VERB	Mood=Sub|Number=Sing|Person=3|Tense=Past|VerbForm=Fin|Voice=Pass
1	διαγελᾶν	διαγελάω	VERB	Tense=Pres|VerbForm=Inf|Voice=Act
1	διαδεχόμενοι	διαδέχομαι	VERB	Case=Nom|Gender=Masc|Number=Plur|Tense=Pres|VerbForm=Part|Voice=Mid
1	διαδιδοίη	διαδίδωμι	VERB	Mood=Opt|Number=Sing|Person=3|Tense=Pres|VerbForm=Fin|Voice=Act
1	διαθεώμενος	διαθεώμενος	VERB	Case=Nom|Gender=Masc|Number=Sing|Tense=Pres|VerbForm=Part|Voice=Mid
1	διακείμενοι	διάκειμαι	VERB	Aspect=Perf|Case=Nom|Gender=Masc|Number=Plur|Tense=Past|VerbForm=Part|Voice=Mid
1	διακείσεται	διακείσεται	VERB	Mood=Ind|Number=Sing|Person=3|Tense=Fut|VerbForm=Fin|Voice=Mid
1	διακειμένους	διακειμένους	VERB	Aspect=Perf|Case=Acc|Gender=Masc|Number=Plur|Tense=Past|VerbForm=Part|Voice=Mid
1	διακεῖσθαι	διάκειμαι	VERB	Tense=Pres|VerbForm=Inf|Voice=Pass
1	διακονοῦντα^ς	διακονέω	VERB	Case=Acc|Gender=Masc|Number=Plur|Tense=Pres|VerbForm=Part|Voice=Act
1	διακοπείη	διακοίπω	VERB	Mood=Opt|Number=Sing|Person=3|Tense=Past|VerbForm=Fin|Voice=Pass
1	διακόπτειν	διακόπτω	VERB	Tense=Pres|VerbForm=Inf|Voice=Act
1	διακόπτοντες	διακόπτω	VERB	Case=Nom|Gender=Masc|Number=Plur|Tense=Pres|VerbForm=Part|Voice=Act
1	διακόψαι	διακόπτω	VERB	Tense=Past|VerbForm=Inf|Voice=Act
1	διακόψοντα^	διακόψοντα	VERB	Case=Acc|Gender=Masc|Number=Sing|Tense=Fut|VerbForm=Part|Voice=Act
1	διαλαβόντες	διαλαμβάνω	VERB	Aspect=Perf|Case=Nom|Gender=Masc|Number=Plur|Tense=Past|VerbForm=Part|Voice=Act
1	διαλαμβάνουσι^	διαλαμβάνω	VERB	Mood=Ind|Number=Plur|Person=3|Tense=Pres|VerbForm=Fin|Voice=Act
1	διαλαχόντες	διαλαγχάνω	VERB	Case=Nom|Gender=Masc|Number=Plur|Tense=Past|VerbForm=Part|Voice=Act
1	διαλείποντα^	διαλείπω	VERB	Case=Acc|Gender=Neut|Number=Plur|Tense=Pres|VerbForm=Part|Voice=Act
1	διαλείπουσι^	διαλείπω	VERB	Mood=Ind|Number=Plur|Person=3|Tense=Pres|VerbForm=Fin|Voice=Act
1	διαλειπούσαις	διαλειπούσαις	VERB	Case=Dat|Gender=Fem|Number=Plur|Tense=Pres|VerbForm=Part|Voice=Act
1	διαλεχθέντες	διαλέχομαι	VERB	Case=Nom|Gender=Masc|Number=Plur|Tense=Past|VerbForm=Part|Voice=Pass
1	διαλεῖπον	διαλεῖπω	VERB	Case=Acc|Gender=Neut|Number=Sing|Tense=Pres|VerbForm=Part|Voice=Act
1	διαλιπόντας	διαλείπω	VERB	Case=Acc|Gender=Masc|Number=Plur|Tense=Past|VerbForm=Part|Voice=Act
1	διαμάχεσθαι	διαμάχομαι	VERB	Tense=Pres|VerbForm=Inf|Voice=Mid
1	διαμένοντα^ς	διαμένοντας	VERB	Case=Acc|Gender=Masc|Number=Plur|Tense=Past|VerbForm=Part|Voice=Act
1	διαμετρεῖσθαι	διαμετρέω	VERB	Tense=Pres|VerbForm=Inf|Voice=Pass
1	διανεῖμαι	διανεῖμαι	VERB	Mood=Ind|Number=Sing|Person=1|Tense=Fut|VerbForm=Fin|Voice=Mid
1	διαπέμπων	διαπέμπω	VERB	Case=Nom|Gender=Masc|Number=Sing|Tense=Pres|VerbForm=Part|Voice=Act
1	διαπεπορεύμεθα^	διαπεπορεύμεθα	VERB	Mood=Ind|Number=Plur|Person=1|Tense=Pres|VerbForm=Fin|Voice=Mid
1	διαπεπράχασι^ν	διαπεπράχασιν	VERB	Aspect=Perf|Mood=Ind|Number=Plur|Person=3|Tense=Past|VerbForm=Fin|Voice=Act
1	διαπεπραγμένος	διαπεπραγμένος	VERB	Aspect=Perf|Case=Nom|Gender=Masc|Number=Sing|Tense=Past|VerbForm=Part|Voice=Mid
1	διαπεπρᾶχθαι	διαπεπρᾶχθαι	VERB	Aspect=Perf|Tense=Past|VerbForm=Inf|Voice=Mid
1	διαπεφευγός	διαπεφευγός	VERB	Aspect=Perf|Case=Acc|Gender=Neut|Number=Sing|Tense=Past|VerbForm=Part|Voice=Act
1	διαπολεμεῖν	διαπολεμέω	VERB	Tense=Pres|VerbForm=Inf|Voice=Act
1	διαπορευόμενοι	διαπορεύομαι	VERB	Case=Nom|Gender=Masc|Number=Plur|Tense=Pres|VerbForm=Part|Voice=Mid
1	διαπορεύεσθαι	διαπορεύομαι	VERB	Tense=Pres|VerbForm=Inf|Voice=Mid
1	διαπορεύεσθε	διαπορεύομαι	VERB	Mood=Ind|Number=Plur|Person=2|Tense=Pres|VerbForm=Fin|Voice=Mid
1	διαπορεύοιμεν	διαπορεύοι	VERB	Mood=Sub|Number=Plur|Person=1|Tense=Pres|VerbForm=Fin|Voice=Act
1	διαπορουμένῳ	διαπορόω	VERB	Case=Dat|Gender=Masc|Number=Sing|Tense=Pres|VerbForm=Part|Voice=Mid
1	διαπράξασθαι	διαπράγω	VERB	Tense=Past|VerbForm=Inf|Voice=Mid
1	διαπράξωμαι	διαπράσκω	VERB	Mood=Sub|Number=Sing|Person=1|Tense=Past|VerbForm=Fin|Voice=Mid
1	διαπράξωμεν	δειαπράξω	VERB	Mood=Sub|Number=Plur|Person=1|Tense=Past|VerbForm=Fin|Voice=Act
1	διαπράττεσθαι	διαπράττομαι	VERB	Tense=Pres|VerbForm=Inf|Voice=Mid
1	διαπράττονται	διαπράττομαι	VERB	Mood=Ind|Number=Plur|Person=3|Tense=Pres|VerbForm=Fin|Voice=Mid
1	διαπραξόμεθα^	διαπραξόμεθα	VERB	Mood=Ind|Number=Plur|Person=1|Tense=Fut|VerbForm=Fin|Voice=Mid
1	διαπραξόμενοι	διαπραξόμενοι	VERB	Case=Nom|Gender=Masc|Number=Plur|Tense=Fut|VerbForm=Part|Voice=Mid
1	διαπρᾶξαι	διαπρᾶσσω	VERB	Tense=Past|VerbForm=Inf|Voice=Act
1	διαρριπτεῖν	διαρριπτάω	VERB	Tense=Pres|VerbForm=Inf|Voice=Act
1	διασκηνήσαντες	διασκηνέω	VERB	Case=Nom|Gender=Masc|Number=Plur|Tense=Past|VerbForm=Part|Voice=Act
1	διασκηνητέον	διασκηνητέιος	VERB	Case=Acc|Gender=Neut|Number=Sing|Tense=Pres|VerbForm=Part|Voice=Act
1	διασκηνοῦν	διασκηνόω	VERB	Tense=Pres|VerbForm=Inf|Voice=Act
1	διασκηνῆσαι	διασκηνέω	VERB	Tense=Past|VerbForm=Inf|Voice=Act
1	διασπασθήσεται	διασπασθήσεται	VERB	Mood=Ind|Number=Sing|Person=3|Tense=Fut|VerbForm=Fin|Voice=Pass
1	διασπᾶσθαι	διασπᾶσθαι	VERB	Tense=Pres|VerbForm=Inf|Voice=Mid
1	διασπᾶται	διασπάω	VERB	Mood=Ind|Number=Sing|Person=3|Tense=Pres|VerbForm=Fin|Voice=Pass
1	διασωθῆναι	διασῴζω	VERB	Tense=Past|VerbForm=Inf|Voice=Pass
1	διασώσαντα^	διασόω	VERB	Case=Acc|Gender=Neut|Number=Plur|Tense=Past|VerbForm=Part|Voice=Act
1	διασώσειε	διασώω	VERB	Mood=Opt|Number=Sing|Person=3|Tense=Past|VerbForm=Fin|Voice=Act
1	διασῴζονται	διασῴζω	VERB	Mood=Ind|Number=Plur|Person=3|Tense=Pres|VerbForm=Fin|Voice=Mid
1	διατίθεσθαι	διατίθημι	VERB	Tense=Pres|VerbForm=Inf|Voice=Mid
1	διατίθεται	διατίθω	VERB	Mood=Ind|Number=Sing|Person=3|Tense=Pres|VerbForm=Fin|Voice=Mid
1	διαταχθέντες	διατάσσω	VERB	Case=Nom|Gender=Masc|Number=Plur|Tense=Past|VerbForm=Part|Voice=Pass
1	διατεινάμενον	διατεινάμενον	VERB	Case=Acc|Gender=Neut|Number=Sing|Tense=Pres|VerbForm=Part|Voice=Mid
1	διατηκομένης	διατηκάνω	VERB	Case=Gen|Gender=Fem|Number=Sing|Tense=Pres|VerbForm=Part|Voice=Mid
1	διατιθέμενος	διατιτίθημι	VERB	Case=Nom|Gender=Masc|Number=Sing|Tense=Pres|VerbForm=Part|Voice=Mid
1	διατιθεὶς	διατίθημι	VERB	Case=Nom|Gender=Masc|Number=Sing|Tense=Pres|VerbForm=Part|Voice=Act
1	διατριβομένου	διατριβομένου	VERB	Case=Gen|Gender=Masc|Number=Sing|Tense=Pres|VerbForm=Part|Voice=Mid
1	διαφερόμενοι	διαφέρω	VERB	Case=Nom|Gender=Masc|Number=Plur|Tense=Pres|VerbForm=Part|Voice=Mid
1	διαφερόντως	διαφερόντως	ADV	
1	διαφεύγοντες	διαφεύγω	VERB	Case=Nom|Gender=Masc|Number=Plur|Tense=Pres|VerbForm=Part|Voice=Act
1	διαφυγὼν	διαφεύγω	VERB	Case=Nom|Gender=Masc|Number=Sing|Tense=Past|VerbForm=Part|Voice=Act
1	διαφυὴν	διαφυά	NOUN	Case=Acc|Gender=Fem|Number=Sing
1	διαχειμάσαντες	διαχειμάζω	VERB	Case=Nom|Gender=Masc|Number=Plur|Tense=Past|VerbForm=Part|Voice=Act
1	διδέασι^	διδέαμι	VERB	Mood=Ind|Number=Plur|Person=3|Tense=Pres|VerbForm=Fin|Voice=Act
1	διεβεβήκει	διεβαίνω	VERB	Mood=Ind|Number=Sing|Person=3|Tense=Pqp|VerbForm=Fin|Voice=Act
1	διεβεβλήκει	διεβάλλω	VERB	Mood=Ind|Number=Sing|Person=3|Tense=Pqp|VerbForm=Fin|Voice=Act
1	διεζεῦχθαι	διεζεῦχθαι	VERB	Aspect=Perf|Tense=Past|VerbForm=Inf|Voice=Mid
1	διειχέτην	διειχέτην	VERB	Aspect=Imp|Mood=Ind|Number=Plur|Person=3|Tense=Past|VerbForm=Fin|Voice=Act
1	διεκελεύετο	διικελεύομαι	VERB	Aspect=Imp|Mood=Ind|Number=Sing|Person=3|Tense=Past|VerbForm=Fin|Voice=Mid
1	διεκελεύοντο	διεκελεύοντο	VERB	Aspect=Imp|Mood=Ind|Number=Plur|Person=3|Tense=Past|VerbForm=Fin|Voice=Mid
1	διεμάχετο	διαμάχω	VERB	Aspect=Imp|Mood=Ind|Number=Sing|Person=3|Tense=Past|VerbForm=Fin|Voice=Mid
1	διεμέτρησεν	διεμέτρησεν	VERB	Mood=Ind|Number=Sing|Person=3|Tense=Past|VerbForm=Fin|Voice=Act
1	διενενόητο	διενενόητο	VERB	Mood=Ind|Number=Sing|Person=3|Tense=Pqp|VerbForm=Fin|Voice=Mid
1	διεπράττετο	διιπράττω	VERB	Aspect=Imp|Mood=Ind|Number=Sing|Person=3|Tense=Past|VerbForm=Fin|Voice=Mid
1	διεσήμηνε	διισημαίνω	VERB	Aspect=Perf|Mood=Ind|Number=Sing|Person=3|Tense=Past|VerbForm=Fin|Voice=Act
1	διεσεσώκει	διασίσωμι	VERB	Aspect=Imp|Mood=Ind|Number=Sing|Person=3|Tense=Past|VerbForm=Fin|Voice=Act
1	διεσπάσθαι	διασπάω	VERB	Tense=Pres|VerbForm=Inf|Voice=Mid
1	διεσπάσθησα^ν	διεσπάσθησαν	VERB	Mood=Ind|Number=Plur|Person=3|Tense=Past|VerbForm=Fin|Voice=Pass
1	διεσπασμένην	διεσπασμένην	VERB	Aspect=Perf|Case=Acc|Gender=Fem|Number=Sing|Tense=Past|VerbForm=Part|Voice=Mid
1	διεσφενδονῶντο	διεσφενδονῶντο	VERB	Aspect=Imp|Mood=Ind|Number=Plur|Person=3|Tense=Past|VerbForm=Fin|Voice=Mid
1	διεσωσάμεθα^	διεσωσάμεθα	VERB	Mood=Ind|Number=Plur|Person=1|Tense=Past|VerbForm=Fin|Voice=Mid
1	διετράφησα^ν	διετράφησαν	VERB	Mood=Ind|Number=Plur|Person=3|Tense=Past|VerbForm=Fin|Voice=Pass
1	διετρίβοντο	διατρίβω	VERB	Aspect=Imp|Mood=Ind|Number=Plur|Person=3|Tense=Past|VerbForm=Fin|Voice=Mid
1	διεχειρίζετο	διαχειρίζω	VERB	Aspect=Imp|Mood=Ind|Number=Sing|Person=3|Tense=Past|VerbForm=Fin|Voice=Mid
1	διεχώρει	διοχωρέω	VERB	Aspect=Imp|Mood=Ind|Number=Sing|Person=3|Tense=Past|VerbForm=Fin|Voice=Act
1	διεῖργον	διεῖργον	VERB	Aspect=Imp|Mood=Ind|Number=Plur|Person=3|Tense=Past|VerbForm=Fin|Voice=Act
1	διηγοῦνται	διηγοῦμαι	VERB	Mood=Ind|Number=Plur|Person=3|Tense=Fut|VerbForm=Fin|Voice=Mid
1	διηρπασμένα^	διηρπασμένα	VERB	Aspect=Perf|Case=Acc|Gender=Neut|Number=Plur|Tense=Past|VerbForm=Part|Voice=Mid
1	δικαιοτά^τους	δίκαιος	ADJ	Case=Acc|Degree=Sup|Gender=Masc|Number=Plur
1	δικαιότητι^	δικαιότης	NOUN	Case=Dat|Gender=Fem|Number=Sing
1	διμοιρίαν	διμοιρία	NOUN	Case=Acc|Gender=Fem|Number=Sing
1	διορύ^ττειν	διορύττω	VERB	Tense=Pres|VerbForm=Inf|Voice=Act
1	διπήχη	διπήχη	ADJ	Case=Dat|Gender=Fem|Number=Sing
1	διωρώρυκτο	διωρύσσω	VERB	Mood=Ind|Number=Sing|Person=3|Tense=Pqp|VerbForm=Fin|Voice=Mid
1	διόδου	διόδου;	NOUN	Case=Gen|Gender=Fem|Number=Sing
1	διώξαντες	διώκω	VERB	Case=Nom|Gender=Masc|Number=Plur|Tense=Past|VerbForm=Part|Voice=Act
1	διώρυχα^	διῶρυξ	NOUN	Case=Acc|Gender=Fem|Number=Sing
1	διώρυχα^ς	διῶρυξ	NOUN	Case=Acc|Gender=Fem|Number=Plur
1	διώρυχες	διώρυχες	NOUN	Case=Nom|Gender=Fem|Number=Plur
1	δορατί^οις	δοράτιον	NOUN	Case=Dat|Gender=Neut|Number=Plur
1	δυσπάριτον	δυσπάριτος	ADJ	Case=Nom|Gender=Neut|Number=Sing
1	δυσπορίαν	δυσπορία	NOUN	Case=Acc|Gender=Fem|Number=Sing
1	δυσχωρίαν	δυσχωρία	NOUN	Case=Acc|Gender=Fem|Number=Sing
1	δόλιχον	δόλιχος	ADJ	Case=Acc|Gender=Neut|Number=Sing
1	δύσβατα^	δύσβατος	ADJ	Case=Acc|Gender=Neut|Number=Plur
1	εἰσάγων	εἰσάγω	VERB	Case=Nom|Gender=Masc|Number=Sing|Tense=Pres|VerbForm=Part|Voice=Act
1	εἰσέδραμον	εἰσατρέχω	VERB	Mood=Ind|Number=Sing|Person=1|Tense=Past|VerbForm=Fin|Voice=Act
1	εἰσήλασεν	εἰσελαύνω	VERB	Mood=Ind|Number=Sing|Person=3|Tense=Past|VerbForm=Fin|Voice=Act
1	εἰσβιβάσαντες	εἰσβιβάζω	VERB	Case=Nom|Gender=Masc|Number=Plur|Tense=Past|VerbForm=Part|Voice=Act
1	εἰσεδύοντο	εἰσαδύομαι	VERB	Aspect=Imp|Mood=Ind|Number=Plur|Person=3|Tense=Past|VerbForm=Fin|Voice=Mid
1	εἰσιόντες	εἰσιόντες	VERB	Case=Nom|Gender=Masc|Number=Plur|Tense=Pres|VerbForm=Part|Voice=Act
1	εἰσῇσαν	εἰσῇσαν	AUX	Aspect=Imp|Mood=Ind|Number=Plur|Person=3|Tense=Past|VerbForm=Fin|Voice=Act
1	εἴσιθι^	εἴσιθιμι	VERB	Mood=Ind|Number=Sing|Person=3|Tense=Pres|VerbForm=Fin|Voice=Act
1	εὐδαιμονίσαιμι^	εὐδαιμονίσαιμι	VERB	Mood=Opt|Number=Sing|Person=1|Tense=Past|VerbForm=Fin|Voice=Act
1	εὐδαιμονίᾳ	εὐδαιμονία	NOUN	Case=Dat|Gender=Fem|Number=Sing
1	εὐεπίθετον	εὐεπίθετος	ADJ	Case=Nom|Gender=Neut|Number=Sing
1	εὐθυμουμένους	εὐθυμέω	VERB	Case=Acc|Gender=Masc|Number=Plur|Tense=Pres|VerbForm=Part|Voice=Mid
1	εὐθυμότεροι	εὐθυμός	ADJ	Case=Nom|Gender=Masc|Number=Plur
1	εὐθύωρον	εὐθύωρος	NOUN	Case=Acc|Gender=Masc|Number=Sing
1	εὐμεταχειρί^στῳ	εὐμεταχειρρός	ADJ	Case=Dat|Gender=Masc|Number=Sing
1	εὐνοϊκῶς	εὐνοϊκός	ADV	
1	εὐοδωτάτη	εὐοδωτάτη	ADJ	Case=Nom|Gender=Fem|Number=Sing
1	εὐπροσοδώτατα^	εὐπρόσοδος	ADJ	Case=Nom|Degree=Sup|Gender=Neut|Number=Plur
1	εὐταξία_	εὐταξία	NOUN	Case=Nom|Gender=Fem|Number=Sing
1	εὐταξία_ς	εὐταξία	NOUN	Case=Gen|Gender=Fem|Number=Sing
1	εὐτύχημα^	εὐτύχημα	NOUN	Case=Acc|Gender=Neut|Number=Sing
1	εὐωχίαν	εὐωχία	NOUN	Case=Acc|Gender=Fem|Number=Sing
1	ζευγηλάτης	ζευγηλάτας	NOUN	Case=Nom|Gender=Masc|Number=Sing
1	ζευγηλατεῖ	ζευγηλατέω	VERB	Mood=Ind|Number=Sing|Person=3|Tense=Pres|VerbForm=Fin|Voice=Act
1	ζημιοῦσθαι	ζημιόω	VERB	Tense=Pres|VerbForm=Inf|Voice=Mid
1	ζυμῖται	ζυμίτης	NOUN	Case=Nom|Gender=Masc|Number=Plur
1	θάτερα^	θάτερος	ADJ	Case=Acc|Gender=Neut|Number=Plur
1	θαρραλεωτέρους	θαρραλεωτέρους	ADJ	Case=Acc|Degree=Cmp|Gender=Masc|Number=Plur
1	θαρραλεώτεροι	θαρραλεώς	ADJ	Case=Nom|Degree=Cmp|Gender=Masc|Number=Plur
1	θαρρύνων	θαρρύνων	VERB	Case=Nom|Gender=Masc|Number=Sing|Tense=Past|VerbForm=Part|Voice=Act
1	θαυμάσιαι	θαυμάσιος	ADJ	Case=Nom|Gender=Fem|Number=Plur
1	θαυμασιώτατε	θαυμασιώτατος	ADJ	Case=Voc|Degree=Sup|Gender=Masc|Number=Sing
1	θαυμαστότατοι	θαυμαστότατοι	ADJ	Case=Voc|Gender=Masc|Number=Plur
1	θερμασίαν	θερμασία	NOUN	Case=Acc|Gender=Fem|Number=Sing
1	θρασυτέρους	θρασύς	ADJ	Case=Acc|Degree=Cmp|Gender=Masc|Number=Plur
1	θρασύτεροι	θρασύς	ADJ	Case=Nom|Degree=Cmp|Gender=Masc|Number=Plur
1	θυμοειδέστεροι	θυμοειδέσς	ADJ	Case=Nom|Degree=Cmp|Gender=Masc|Number=Plur
1	θυομένοις	θυομένοις	VERB	Case=Dat|Gender=Masc|Number=Plur|Tense=Pres|VerbForm=Part|Voice=Mid
1	θυομένων	θύω	VERB	Case=Gen|Gender=Masc|Number=Plur|Tense=Pres|VerbForm=Part|Voice=Mid
1	θωρακισθέντα^	θωρακιόσ	VERB	Case=Acc|Gender=Masc|Number=Sing|Tense=Past|VerbForm=Part|Voice=Pass
1	θώρακος	θώραξ	NOUN	Case=Gen|Gender=Masc|Number=Sing
1	κέρατι^	κέρατι	NOUN	Case=Dat|Gender=Neut|Number=Sing
1	κα^τάγειοι	κατάγειος	ADJ	Case=Nom|Gender=Fem|Number=Plur
1	κα^ταβαίνοντές	καταβαίνω	VERB	Case=Nom|Gender=Masc|Number=Plur|Tense=Pres|VerbForm=Part|Voice=Act
1	κα^ταισχύνετε	καταισχύνω	VERB	Mood=Ind|Number=Plur|Person=2|Tense=Pres|VerbForm=Fin|Voice=Act
1	κα^ταλευσθέντες	καταλεύω	VERB	Case=Nom|Gender=Masc|Number=Plur|Tense=Past|VerbForm=Part|Voice=Pass
1	κα^ταλεύσαντες	καταλεύω	VERB	Case=Nom|Gender=Masc|Number=Plur|Tense=Past|VerbForm=Part|Voice=Act
1	κα^ταλλαγεὶς	καταλλάσσω	VERB	Case=Nom|Gender=Masc|Number=Sing|Tense=Past|VerbForm=Part|Voice=Pass
1	κα^ταλογιζομένῳ	καταλογίζομαι	VERB	Case=Dat|Gender=Masc|Number=Sing|Tense=Pres|VerbForm=Part|Voice=Mid
1	κα^ταρώμενοι	καταράω	VERB	Case=Nom|Gender=Masc|Number=Plur|Tense=Pres|VerbForm=Part|Voice=Mid
1	κα^τηρεμίσαι	κατηρεμίζω	VERB	Tense=Past|VerbForm=Inf|Voice=Act
1	κα^τοικίσαντα^ς	κατοικίζω	VERB	Case=Acc|Gender=Masc|Number=Plur|Tense=Past|VerbForm=Part|Voice=Act
1	καθέντας	καθέντας	VERB	Case=Acc|Gender=Masc|Number=Plur|Tense=Past|VerbForm=Part|Voice=Act
1	καθίεσα^ν	καθίεσαν	VERB	Aspect=Imp|Mood=Ind|Number=Plur|Person=3|Tense=Past|VerbForm=Fin|Voice=Act
1	καθηγησομένους	καθηγέω	VERB	Case=Acc|Gender=Masc|Number=Plur|Tense=Fut|VerbForm=Part|Voice=Mid
1	καθηδυπάθησα^	καθηδυπάθησα	VERB	Mood=Ind|Number=Sing|Person=1|Tense=Past|VerbForm=Fin|Voice=Act
1	καθιεῖν	καθιεῖν	VERB	Tense=Pres|VerbForm=Inf|Voice=Act
1	κακουργεῖν	κακουργέω	VERB	Tense=Pres|VerbForm=Inf|Voice=Act
1	κακόνοιά^ν	κακόνοιά	NOUN	Case=Acc|Gender=Fem|Number=Sing
1	καλά^μου	κάλαμος	NOUN	Case=Gen|Gender=Masc|Number=Sing
1	καλινδούμενοι	καλινδούμενοι	VERB	Case=Nom|Gender=Masc|Number=Plur|Tense=Pres|VerbForm=Part|Voice=Mid
1	καλοῦντι^	καλέω	VERB	Case=Dat|Gender=Masc|Number=Sing|Tense=Pres|VerbForm=Part|Voice=Act
1	καλοῦντος	καλέω	VERB	Case=Gen|Gender=Masc|Number=Sing|Tense=Pres|VerbForm=Part|Voice=Act
1	καπίθη	καπίθα	NOUN	Case=Nom|Gender=Fem|Number=Sing
1	καπίθην	καπίθης	NOUN	Case=Acc|Gender=Fem|Number=Sing
1	καπηλεῖα^	καπηλεῖον	NOUN	Case=Acc|Gender=Neut|Number=Plur
1	καρβάτιναι	καρβάτινη	NOUN	Case=Nom|Gender=Fem|Number=Plur
1	καρπαίαν	καρπαία	NOUN	Case=Acc|Gender=Fem|Number=Sing
1	κατάβασι^ν	κατάβασις	NOUN	Case=Acc|Gender=Fem|Number=Sing
1	κατάμενε	κατάμενε	VERB	Mood=Imp|Number=Sing|Person=2|Tense=Pres|VerbForm=Fin|Voice=Act
1	κατάστα^σι^ς	κατάστασις	NOUN	Case=Nom|Gender=Fem|Number=Sing
1	κατέκαινον	κατέκαινον	VERB	Aspect=Imp|Mood=Ind|Number=Plur|Person=3|Tense=Past|VerbForm=Fin|Voice=Act
1	κατέκλεισα^ν	κατέκλεισαν	VERB	Mood=Ind|Number=Plur|Person=3|Tense=Past|VerbForm=Fin|Voice=Act
1	κατέκοψά^ν	κατέκοψάν	VERB	Mood=Ind|Number=Plur|Person=3|Tense=Past|VerbForm=Fin|Voice=Act
1	κατέλεγεν	κατέλεγεν	VERB	Aspect=Imp|Mood=Ind|Number=Sing|Person=3|Tense=Past|VerbForm=Fin|Voice=Act
1	κατέλιπε	καταλιμπάνω	VERB	Mood=Ind|Number=Sing|Person=3|Tense=Past|VerbForm=Fin|Voice=Act
1	κατέλιπον	καταλείπω	VERB	Mood=Ind|Number=Plur|Person=3|Tense=Past|VerbForm=Fin|Voice=Act
1	κατέμαθεν	κατέμαθεν	VERB	Mood=Ind|Number=Sing|Person=3|Tense=Past|VerbForm=Fin|Voice=Act
1	κατέμαθες	κατέμαθον	VERB	Aspect=Perf|Mood=Ind|Number=Sing|Person=2|Tense=Past|VerbForm=Fin|Voice=Act
1	κατέμαθον	καταμαμθάνω	VERB	Aspect=Perf|Mood=Ind|Number=Sing|Person=1|Tense=Past|VerbForm=Fin|Voice=Act
1	κατέπληξε	κατέπληξε	VERB	Mood=Ind|Number=Sing|Person=3|Tense=Past|VerbForm=Fin|Voice=Act
1	κατέπραξα^ς	κατέπραξας	VERB	Mood=Ind|Number=Sing|Person=2|Tense=Past|VerbForm=Fin|Voice=Act
1	κατέτεινεν	κατέτεινεν	VERB	Mood=Ind|Number=Sing|Person=3|Tense=Past|VerbForm=Fin|Voice=Act
1	κατέτεμνε	κατέτεμνε	VERB	Mood=Ind|Number=Sing|Person=3|Tense=Past|VerbForm=Fin|Voice=Act
1	κατέτρωσα^ν	κατέτρωσαν	VERB	Mood=Ind|Number=Plur|Person=3|Tense=Past|VerbForm=Fin|Voice=Act
1	καταβεβηκότων	καταβεβηκότων	VERB	Aspect=Perf|Case=Gen|Gender=Masc|Number=Plur|Tense=Past|VerbForm=Part|Voice=Act
1	καταγελάσαντες	καταγελάω	VERB	Case=Nom|Gender=Masc|Number=Plur|Tense=Past|VerbForm=Part|Voice=Act
1	καταγελᾶν	καταγελάω	VERB	Tense=Pres|VerbForm=Inf|Voice=Act
1	καταγελῶν	καταγελέω	VERB	Case=Nom|Gender=Masc|Number=Sing|Tense=Pres|VerbForm=Part|Voice=Act
1	καταδι^κάζω	καταδικάζω	VERB	Mood=Ind|Number=Sing|Person=1|Tense=Pres|VerbForm=Fin|Voice=Act
1	καταδοξάσεια^ν	καταδοξάσειαν	VERB	Aspect=Perf|Mood=Opt|Number=Plur|Person=3|Tense=Past|VerbForm=Fin|Voice=Act
1	καταδραμὼν	κατατρέχω	VERB	Case=Nom|Gender=Masc|Number=Sing|Tense=Past|VerbForm=Part|Voice=Act
1	καταθέοντες	καταθέοω	VERB	Case=Nom|Gender=Masc|Number=Plur|Tense=Fut|VerbForm=Part|Voice=Act
1	καταθήσεσθαι	κατατίθημι	VERB	Tense=Fut|VerbForm=Inf|Voice=Mid
1	καταθεωμένους	καταθεωμένους	VERB	Aspect=Perf|Case=Acc|Gender=Masc|Number=Plur|Tense=Past|VerbForm=Part|Voice=Mid
1	καταθεῖν	καταμθάνω	VERB	Tense=Past|VerbForm=Inf|Voice=Act
1	καταθυσάντων	καταθυσάντων	VERB	Case=Gen|Gender=Masc|Number=Plur|Tense=Past|VerbForm=Part|Voice=Act
1	καταθύ^σειν	καταθύω	VERB	Tense=Fut|VerbForm=Inf|Voice=Act
1	καταθῦσαι	καταθῦω	VERB	Tense=Past|VerbForm=Inf|Voice=Act
1	κατακαίνοι	κατακαίνω	VERB	Mood=Opt|Number=Sing|Person=3|Tense=Past|VerbForm=Fin|Voice=Act
1	κατακαίνοντες	κατακαίνω	VERB	Case=Nom|Gender=Masc|Number=Plur|Tense=Pres|VerbForm=Part|Voice=Act
1	κατακαίνωμεν	κατακαίνωμεν;	VERB	Mood=Sub|Number=Plur|Person=1|Tense=Pres|VerbForm=Fin|Voice=Act
1	κατακανεῖν	κατακάνλω	VERB	Tense=Past|VerbForm=Inf|Voice=Act
1	κατακανόντες	κατακανόντες	VERB	Case=Nom|Gender=Masc|Number=Plur|Tense=Past|VerbForm=Part|Voice=Act
1	κατακανὼν	κατακανίσκω	VERB	Case=Nom|Gender=Masc|Number=Sing|Tense=Past|VerbForm=Part|Voice=Act
1	κατακαυθήσεσθαι	κατακαυθήσεσθαι	VERB	Tense=Fut|VerbForm=Inf|Voice=Pass
1	κατακαύσας	κατακαύω	VERB	Case=Nom|Gender=Masc|Number=Sing|Tense=Past|VerbForm=Part|Voice=Act
1	κατακαύσει	κατακαίω	VERB	Mood=Ind|Number=Sing|Person=3|Tense=Fut|VerbForm=Fin|Voice=Act
1	κατακαῦσαι	κατακαίω	VERB	Tense=Past|VerbForm=Inf|Voice=Act
1	κατακείμενοι	κατάκειμαι	VERB	Aspect=Perf|Case=Nom|Gender=Masc|Number=Plur|Tense=Past|VerbForm=Part|Voice=Mid
1	κατακειμένους	κάτακειμαι	VERB	Case=Acc|Gender=Masc|Number=Plur|Tense=Pres|VerbForm=Part|Voice=Mid
1	κατακειμένων	κατακειμένων	VERB	Case=Gen|Gender=Masc|Number=Plur|Tense=Pres|VerbForm=Part|Voice=Mid
1	κατακεκονότες	κατακεκονότες	VERB	Aspect=Perf|Case=Nom|Gender=Masc|Number=Plur|Tense=Past|VerbForm=Part|Voice=Act
1	κατακεκόψεσθαι	κατακεκόπω	VERB	Tense=Fut|VerbForm=Inf|Voice=Mid
1	κατακλείουσι^	κατακλείω	VERB	Mood=Ind|Number=Plur|Person=3|Tense=Pres|VerbForm=Fin|Voice=Act
1	κατακλεισθῆναι	κατακλείζω	VERB	Tense=Past|VerbForm=Inf|Voice=Pass
1	κατακοπῆναι	κατακοπῆναι	VERB	Tense=Past|VerbForm=Inf|Voice=Pass
1	κατακόψεια^ν	καατακόφω	VERB	Mood=Opt|Number=Plur|Person=3|Tense=Past|VerbForm=Fin|Voice=Act
1	κατακόψῃ	κατακόπτω	VERB	Aspect=Perf|Mood=Sub|Number=Sing|Person=3|Tense=Past|VerbForm=Fin|Voice=Act
1	καταλί^ποι	καταλίπλω	VERB	Mood=Opt|Number=Sing|Person=3|Tense=Past|VerbForm=Fin|Voice=Act
1	καταλαβόντας	καταλαμβάνω	VERB	Case=Acc|Gender=Masc|Number=Plur|Tense=Past|VerbForm=Part|Voice=Act
1	καταλελειμμένοι	καταλείπω	VERB	Aspect=Perf|Case=Nom|Gender=Masc|Number=Plur|Tense=Past|VerbForm=Part|Voice=Pass
1	καταλελειμμένοις	καταλελειμμένοις	VERB	Aspect=Perf|Case=Dat|Gender=Masc|Number=Plur|Tense=Past|VerbForm=Part|Voice=Mid
1	καταλελειμμένων	καταλιμπάνω	VERB	Aspect=Perf|Case=Gen|Gender=Masc|Number=Plur|Tense=Past|VerbForm=Part|Voice=Mid
1	καταλευσθέντα^	καταλευσίθω	VERB	Case=Acc|Gender=Masc|Number=Sing|Tense=Past|VerbForm=Part|Voice=Pass
1	καταλευσθῆναι	καταλευσθῆναι	VERB	Aspect=Perf|Tense=Past|VerbForm=Inf|Voice=Pass
1	καταληφθείσης	καταληφθείσης	VERB	Aspect=Perf|Case=Gen|Gender=Fem|Number=Sing|Tense=Past|VerbForm=Part|Voice=Pass
1	καταλιπόντας	καταλιμπάνω	VERB	Case=Acc|Gender=Masc|Number=Plur|Tense=Past|VerbForm=Part|Voice=Act
1	καταλιπών	καταλιμπάνω	VERB	Case=Nom|Gender=Masc|Number=Sing|Tense=Past|VerbForm=Part|Voice=Act
1	καταμά^θοι	καταμανθάνω	VERB	Mood=Opt|Number=Sing|Person=3|Tense=Past|VerbForm=Fin|Voice=Act
1	καταμένοι	καταμένοι	VERB	Case=Nom|Gender=Masc|Number=Plur|Tense=Past|VerbForm=Part|Voice=Mid
1	καταμαθεῖν	καταμανθάνω	VERB	Tense=Past|VerbForm=Inf|Voice=Act
1	καταμαθόντας	καταμαμθάνω	VERB	Case=Acc|Gender=Masc|Number=Plur|Tense=Fut|VerbForm=Part|Voice=Act
1	καταμείνῃ	καταμένω	VERB	Aspect=Perf|Mood=Sub|Number=Sing|Person=3|Tense=Past|VerbForm=Fin|Voice=Act
1	κατανοήσαντα^ς	κατανοήσαντας;	VERB	Aspect=Perf|Case=Acc|Gender=Masc|Number=Plur|Tense=Past|VerbForm=Part|Voice=Act
1	καταπετρωθῆναι	καταπετρόω	VERB	Tense=Past|VerbForm=Inf|Voice=Pass
1	καταπράξαντες	καταπράσσω	VERB	Case=Nom|Gender=Masc|Number=Plur|Tense=Past|VerbForm=Part|Voice=Act
1	καταπράξειεν	καταπράγω	VERB	Mood=Opt|Number=Sing|Person=3|Tense=Past|VerbForm=Fin|Voice=Act
1	καταπραχθῆναι	καταπράγω	VERB	Aspect=Perf|Tense=Past|VerbForm=Inf|Voice=Pass
1	καταπρᾶξαι	καταπρᾶζω	VERB	Tense=Past|VerbForm=Inf|Voice=Act
1	κατασβέσεια^ν	κατασβέσειαν	VERB	Tense=Fut|VerbForm=Inf|Voice=Act
1	κατασβεννύναι	κατασβεννύναι	VERB	Tense=Pres|VerbForm=Inf|Voice=Act
1	κατασκευάζοντά^	κατασκευάζω	VERB	Case=Acc|Gender=Masc|Number=Sing|Tense=Pres|VerbForm=Part|Voice=Act
1	κατασκευαζομένους	κατασκευάζω	VERB	Case=Acc|Gender=Masc|Number=Plur|Tense=Pres|VerbForm=Part|Voice=Mid
1	κατασκεψάμενος	κατασκέπω	VERB	Case=Nom|Gender=Masc|Number=Sing|Tense=Past|VerbForm=Part|Voice=Mid
1	κατασκηνῆσαι	κατασκηνέω	VERB	Tense=Past|VerbForm=Inf|Voice=Act
1	κατασκοπῆς	κατασκοπή	NOUN	Case=Gen|Gender=Fem|Number=Sing
1	καταστησάμενοι	καθίστημι	VERB	Case=Nom|Gender=Masc|Number=Plur|Tense=Past|VerbForm=Part|Voice=Mid
1	καταστησομένων	καταστησομένων	VERB	Tense=Fut|VerbForm=Inf|Voice=Pass
1	καταστρεψάμενοι	καταστρέφω	VERB	Case=Nom|Gender=Masc|Number=Plur|Tense=Past|VerbForm=Part|Voice=Mid
1	κατασχί^σειν	κατασχίνω	VERB	Tense=Fut|VerbForm=Inf|Voice=Act
1	κατατιθεμένους	κατατίθημι	VERB	Case=Acc|Gender=Masc|Number=Plur|Tense=Pres|VerbForm=Part|Voice=Mid
1	κατατρέχοντες	κατατρέχω	VERB	Case=Nom|Gender=Masc|Number=Plur|Tense=Pres|VerbForm=Part|Voice=Act
1	καταφα^γεῖν	κατάφω	VERB	Tense=Pres|VerbForm=Inf|Voice=Act
1	καταχωρίσας	καταχωρίσας	VERB	Case=Nom|Gender=Masc|Number=Sing|Tense=Past|VerbForm=Part|Voice=Act
1	κατεβεβήκεσα^ν	κατεβαίνω	VERB	Mood=Ind|Number=Plur|Person=3|Tense=Pqp|VerbForm=Fin|Voice=Act
1	κατεβλακεύσαμεν	κατεβλακεύσαμεν	VERB	Mood=Ind|Number=Plur|Person=1|Tense=Past|VerbForm=Fin|Voice=Act
1	κατεδαπανήσαμεν	κατεδαπανέω	VERB	Mood=Ind|Number=Plur|Person=1|Tense=Past|VerbForm=Fin|Voice=Act
1	κατεδειλιάσαμεν	κατεδειλιάσαμεν	VERB	Aspect=Perf|Mood=Ind|Number=Plur|Person=1|Tense=Past|VerbForm=Fin|Voice=Act
1	κατεδικάσατε	καταδικάζω	VERB	Aspect=Perf|Mood=Ind|Number=Plur|Person=2|Tense=Past|VerbForm=Fin|Voice=Act
1	κατεδύοντο	καταδύομαι	VERB	Aspect=Imp|Mood=Ind|Number=Plur|Person=3|Tense=Past|VerbForm=Fin|Voice=Mid
1	κατεθέμεθα^	κατεθέμεθα	VERB	Mood=Ind|Number=Plur|Person=1|Tense=Past|VerbForm=Fin|Voice=Mid
1	κατεθέμην	κατατίθημι	VERB	Mood=Ind|Number=Sing|Person=1|Tense=Past|VerbForm=Fin|Voice=Mid
1	κατεθεᾶτο	κατεθεᾶτο	VERB	Mood=Ind|Number=Sing|Person=3|Tense=Pqp|VerbForm=Fin|Voice=Mid
1	κατειληφότες	καταλαμβάνω	VERB	Aspect=Perf|Case=Nom|Gender=Masc|Number=Plur|Tense=Past|VerbForm=Part|Voice=Act
1	κατειργασμένους	κατειργασμένους	VERB	Aspect=Perf|Case=Acc|Gender=Masc|Number=Plur|Tense=Past|VerbForm=Part|Voice=Mid
1	κατειργασμένων	κατειργασμένων	VERB	Aspect=Perf|Case=Gen|Gender=Masc|Number=Plur|Tense=Past|VerbForm=Part|Voice=Mid
1	κατεκέκλειντο	κατεκέκλειντο	VERB	Mood=Ind|Number=Plur|Person=3|Tense=Pqp|VerbForm=Fin|Voice=Mid
1	κατεκαύθησα^ν	κατεκαύθησαν	VERB	Mood=Ind|Number=Plur|Person=3|Tense=Past|VerbForm=Fin|Voice=Pass
1	κατεκόπησα^ν	κατακόπτω	VERB	Mood=Ind|Number=Plur|Person=3|Tense=Past|VerbForm=Fin|Voice=Pass
1	κατεκώλυε	κατεκώλυε	VERB	Aspect=Imp|Mood=Ind|Number=Sing|Person=3|Tense=Past|VerbForm=Fin|Voice=Act
1	κατεκώλυόν	κατεκώλυόν	VERB	Aspect=Imp|Mood=Ind|Number=Plur|Person=3|Tense=Past|VerbForm=Fin|Voice=Act
1	κατελείφθησα^ν	κατελαίφω	VERB	Mood=Ind|Number=Plur|Person=3|Tense=Past|VerbForm=Fin|Voice=Pass
1	κατελεύσθησα^ν	κατελαύσω	VERB	Mood=Ind|Number=Plur|Person=3|Tense=Past|VerbForm=Fin|Voice=Pass
1	κατεμίγνυντο	κατεμίγνυμι	VERB	Aspect=Imp|Mood=Ind|Number=Plur|Person=3|Tense=Past|VerbForm=Fin|Voice=Mid
1	κατεμερίσθη	κατεμερίζω	VERB	Mood=Ind|Number=Sing|Person=3|Tense=Past|VerbForm=Fin|Voice=Pass
1	κατεπέμφθη	κατεπέμφθη	VERB	Aspect=Perf|Mood=Ind|Number=Sing|Person=3|Tense=Past|VerbForm=Fin|Voice=Pass
1	κατεσκήνωσεν	κατασκηνόω	VERB	Mood=Ind|Number=Sing|Person=3|Tense=Past|VerbForm=Fin|Voice=Act
1	κατεστρατοπεδεύοντο	κατεστρατοπεδεύοντο	VERB	Aspect=Imp|Mood=Ind|Number=Plur|Person=3|Tense=Past|VerbForm=Fin|Voice=Mid
1	κατεσφάγη	κατασφάσσω	VERB	Mood=Ind|Number=Sing|Person=3|Tense=Past|VerbForm=Fin|Voice=Pass
1	κατετέτμηντο	κατετέτμηντο	VERB	Mood=Ind|Number=Plur|Person=3|Tense=Pqp|VerbForm=Fin|Voice=Mid
1	κατηγορήσων	κατηγορέω	VERB	Case=Nom|Gender=Masc|Number=Sing|Tense=Fut|VerbForm=Part|Voice=Act
1	κατηγορίαν	κατηγορία	NOUN	Case=Acc|Gender=Fem|Number=Sing
1	κατηγόρησά^ν	κατηγόρησάν	VERB	Mood=Ind|Number=Plur|Person=3|Tense=Past|VerbForm=Fin|Voice=Act
1	κατηγόρουν	κατηγορέω	VERB	Aspect=Imp|Mood=Ind|Number=Plur|Person=3|Tense=Past|VerbForm=Fin|Voice=Act
1	κατηκόντισεν	κατηκόντισεν	VERB	Mood=Ind|Number=Sing|Person=3|Tense=Past|VerbForm=Fin|Voice=Act
1	κατημέλει	κατημέλει	VERB	Mood=Ind|Number=Sing|Person=3|Tense=Pres|VerbForm=Fin|Voice=Act
1	κατηράσατο	κατηράσατο	VERB	Mood=Ind|Number=Sing|Person=3|Tense=Past|VerbForm=Fin|Voice=Mid
1	κατηυλίσθησα^ν	κατηυλίσθησαν	VERB	Mood=Ind|Number=Plur|Person=3|Tense=Past|VerbForm=Fin|Voice=Pass
1	κατορυχθῆναι	κατορυχθῆναι;	VERB	Tense=Past|VerbForm=Inf|Voice=Pass
1	κατορωρυγμένος	κατορωρυγμένος	VERB	Aspect=Perf|Case=Nom|Gender=Masc|Number=Sing|Tense=Past|VerbForm=Part|Voice=Mid
1	κατορύξοντα^	κατορύκω	VERB	Case=Acc|Gender=Masc|Number=Sing|Tense=Fut|VerbForm=Part|Voice=Act
1	καύσιμα^	καύσιμος	ADJ	Case=Acc|Gender=Neut|Number=Plur
1	κεκραγότων	κεκραγότων	VERB	Aspect=Perf|Case=Gen|Gender=Masc|Number=Plur|Tense=Past|VerbForm=Part|Voice=Act
1	κενοτάφιον	κενοτάφιον	NOUN	Case=Acc|Gender=Neut|Number=Sing
1	κεραμεαῖς	κεραμεή	ADJ	Case=Dat|Gender=Fem|Number=Plur
1	κερδαλεώτερον	κερδαλεώτερον	ADJ	Case=Acc|Degree=Cmp|Gender=Masc|Number=Sing
1	κεφαλαλγές	κεφαλαλγής	ADJ	Case=Nom|Gender=Masc|Number=Plur
1	κεφαλαλγὲς	κεφαλαλγὲς	ADJ	Case=Nom|Gender=Masc|Number=Plur
1	κηρίων	κηρίον	NOUN	Case=Gen|Gender=Neut|Number=Plur
1	κινδυνεύσαντα^	κινδυνεύω	VERB	Case=Acc|Gender=Masc|Number=Sing|Tense=Past|VerbForm=Part|Voice=Act
1	κινδυνεύσαντες	κινδυνεύω	VERB	Case=Nom|Gender=Masc|Number=Plur|Tense=Past|VerbForm=Part|Voice=Act
1	κογχυλιά^του	κογχυλιάτου	ADJ	Case=Gen|Gender=Masc|Number=Sing
1	κομισαμένους	κίομιμι	VERB	Case=Acc|Gender=Masc|Number=Plur|Tense=Past|VerbForm=Part|Voice=Mid
1	κονιατοῖς	κονιατοῖς	NOUN	Case=Dat|Gender=Masc|Number=Plur
1	κρατουμένου	κρατέω	VERB	Case=Gen|Gender=Masc|Number=Sing|Tense=Pres|VerbForm=Part|Voice=Mid
1	κρατουμένων	κρατούμενος	NOUN	Case=Gen|Gender=Masc|Number=Plur
1	κριθέντα^	κρίνω	VERB	Case=Acc|Gender=Masc|Number=Sing|Tense=Past|VerbForm=Part|Voice=Pass
1	κυζικηνούς	κυζικηνός	NOUN	Case=Acc|Gender=Masc|Number=Plur
1	κυζικηνὸν	κυζικηνός	NOUN	Case=Acc|Gender=Masc|Number=Sing
1	κυλίνδοντες	κυλίνδω	VERB	Case=Nom|Gender=Masc|Number=Plur|Tense=Pres|VerbForm=Part|Voice=Act
1	κυπαρίττινον	κυπαρίττινον	NOUN	Case=Nom|Gender=Neut|Number=Sing
1	κωλύοντα^	κωλύω	VERB	Case=Acc|Gender=Masc|Number=Sing|Tense=Pres|VerbForm=Part|Voice=Act
1	κωλύοντες	κωλύω	VERB	Case=Nom|Gender=Masc|Number=Plur|Tense=Pres|VerbForm=Part|Voice=Act
1	κωλύοντος	κωλύω	VERB	Case=Gen|Gender=Masc|Number=Sing|Tense=Pres|VerbForm=Part|Voice=Act
1	κἀγαθὰ^	κἀγαθὰ	NOUN	Case=Nom|Gender=Neut|Number=Plur
1	κἄπειτα^	κἄπειτα	ADV	
1	λαγῶς	λαγῶς	NOUN	Case=Nom|Gender=Masc|Number=Sing
1	λαφυροπωλοῦντες	λαφυροπωλέω	VERB	Case=Nom|Gender=Masc|Number=Plur|Tense=Pres|VerbForm=Part|Voice=Act
1	λαφυροπώλα_ς	λαφυροπώλης	NOUN	Case=Acc|Gender=Masc|Number=Plur
1	λελύσαθαι	λελύσαθαι	VERB	Aspect=Perf|Tense=Past|VerbForm=Inf|Voice=Mid
1	λευκοθώρακες	λευκοθώρακες	NOUN	Case=Nom|Gender=Masc|Number=Plur
1	λιμένι^	λιμήν	NOUN	Case=Dat|Gender=Masc|Number=Sing
1	λοχαγία_ς	λοχαγία	NOUN	Case=Acc|Gender=Fem|Number=Plur
1	λοχαγίαν	λοχαγία	NOUN	Case=Acc|Gender=Fem|Number=Sing
1	λοχαγεῖν	λοχαγέω	VERB	Tense=Pres|VerbForm=Inf|Voice=Act
1	λοχιτῶν	λοχιτῶν	NOUN	Case=Gen|Gender=Masc|Number=Plur
1	λυμαινόμεθα^	λυμαινόμεθα	VERB	Mood=Ind|Number=Plur|Person=1|Tense=Pres|VerbForm=Fin|Voice=Mid
1	μέντἄν	μέντἄν	PART	
1	μαγάδι	μαγάδι	NOUN	Case=Acc|Gender=Neut|Number=Plur
1	μακαρίζων	μακαρίζω	VERB	Case=Nom|Gender=Masc|Number=Sing|Tense=Pres|VerbForm=Part|Voice=Act
1	μακροτέραν	μακροτέραν	ADJ	Case=Acc|Degree=Cmp|Gender=Fem|Number=Sing
1	μαλακιζόμενόν	μαλακίζω	VERB	Case=Acc|Gender=Masc|Number=Sing|Tense=Pres|VerbForm=Part|Voice=Mid
1	μανέντες	μανέντες	VERB	Case=Nom|Gender=Masc|Number=Plur|Tense=Pres|VerbForm=Part|Voice=Act
1	μαρτύριον	μαρτύριον	NOUN	Case=Nom|Gender=Neut|Number=Sing
1	μαστιγοῦσθαι	μαστιγόω	VERB	Tense=Pres|VerbForm=Inf|Voice=Mid
1	μαχαίριον	μαχαίριον	NOUN	Case=Acc|Gender=Neut|Number=Sing
1	μαχουμένους	μαχέω	VERB	Case=Acc|Gender=Masc|Number=Plur|Tense=Pres|VerbForm=Part|Voice=Mid
1	μεγαληγορήσαντα^ς	μεγαληγορέω	VERB	Case=Acc|Gender=Masc|Number=Plur|Tense=Past|VerbForm=Part|Voice=Act
1	μεγαλοπρεπέστατα^	μεγαλοπρεπέως	ADJ	Case=Acc|Gender=Neut|Number=Plur
1	μελα^νία	μελανία	NOUN	Case=Nom|Gender=Fem|Number=Sing
1	μελετηρότατον	μελετηρότατον	ADJ	Case=Acc|Degree=Sup|Gender=Masc|Number=Sing
1	μετάπεμπτος	μετάπεμπτος	ADJ	Case=Nom|Gender=Masc|Number=Sing
1	μεταβαλλομένους	μεταβαλλάο	VERB	Case=Acc|Gender=Masc|Number=Plur|Tense=Pres|VerbForm=Part|Voice=Mid
1	μετακεχωρηκέναι	μετακεχωρηκέναι	VERB	Aspect=Perf|Tense=Past|VerbForm=Inf|Voice=Act
1	μεταπεμπομένου	μεταπεμπομένου	VERB	Case=Gen|Gender=Masc|Number=Sing|Tense=Pres|VerbForm=Part|Voice=Mid
1	μισθοδοσία_ς	μισθοδοσίας	NOUN	Case=Gen|Gender=Fem|Number=Sing
1	μνησικακήσειν	μνησικακέω	VERB	Tense=Fut|VerbForm=Inf|Voice=Act
1	μονόξυλα^	μονόξυλος	ADJ	Case=Acc|Gender=Neut|Number=Plur
1	ναυπηγήσιμα^	ναυπηγήσιμος	ADJ	Case=Nom|Gender=Neut|Number=Plur
1	ναυσίπορος	ναυσίπορος	ADJ	Case=Nom|Gender=Masc|Number=Sing
1	νεανί^σκε	νεανίσκος	NOUN	Case=Voc|Gender=Masc|Number=Sing
1	νεανί^σκου	νεανίσκος	NOUN	Case=Gen|Gender=Masc|Number=Sing
1	νεωστὶ	νεωστί	ADV	
1	νεύματος	νεύμα	NOUN	Case=Gen|Gender=Neut|Number=Sing
1	νόμιμον	νόμιμος	ADJ	Case=Nom|Gender=Neut|Number=Sing
1	νύκατα^	νύκα	NOUN	Case=Acc|Gender=Neut|Number=Plur
1	ξενικοῦ	ξενικοῦ	ADJ	Case=Gen|Gender=Masc|Number=Sing
1	ξυ^νέδραμον	ξυντρέχω	VERB	Aspect=Imp|Mood=Ind|Number=Plur|Person=3|Tense=Past|VerbForm=Fin|Voice=Act
1	ξυ^ναναβάντων	ξυναναβαίνω	VERB	Case=Gen|Gender=Masc|Number=Plur|Tense=Past|VerbForm=Part|Voice=Act
1	ξυήλην	ξυήλα	NOUN	Case=Acc|Gender=Fem|Number=Sing
1	ξυήλῃ	ξυήλῃ	NOUN	Case=Dat|Gender=Fem|Number=Sing
1	ξυγκαλέσας	ξυγκαλέω	VERB	Case=Nom|Gender=Masc|Number=Sing|Tense=Past|VerbForm=Part|Voice=Act
1	ξυλί^νοις	ξυλίνοις	ADJ	Case=Dat|Gender=Neut|Number=Plur
1	ξυλιζόμενοι	ξυλίζω	VERB	Case=Nom|Gender=Masc|Number=Plur|Tense=Pres|VerbForm=Part|Voice=Mid
1	ξυμμαχήσασι^	ξυμμαχάω	VERB	Aspect=Perf|Case=Dat|Gender=Masc|Number=Plur|Tense=Past|VerbForm=Part|Voice=Act
1	ξυμπαρασκευάζωμεν	ξυμπαρασκευάζω	VERB	Mood=Sub|Number=Plur|Person=1|Tense=Pres|VerbForm=Fin|Voice=Act
1	ξυνέλεξα^ν	ξυνέλεξαν	VERB	Mood=Ind|Number=Plur|Person=3|Tense=Past|VerbForm=Fin|Voice=Act
1	ξυνέπεμψε	ξυνέπεμψε	VERB	Aspect=Imp|Mood=Ind|Number=Sing|Person=3|Tense=Past|VerbForm=Fin|Voice=Act
1	ξυνέπεμψεν	ξυνέπεμψεν	VERB	Mood=Ind|Number=Plur|Person=3|Tense=Past|VerbForm=Fin|Voice=Act
1	ξυνεβάλλοντο	ξυναβάλλω	VERB	Aspect=Imp|Mood=Ind|Number=Plur|Person=3|Tense=Past|VerbForm=Fin|Voice=Mid
1	ξυνεβουλεύοντο	ξυναβουλεύω	VERB	Aspect=Imp|Mood=Ind|Number=Plur|Person=3|Tense=Past|VerbForm=Fin|Voice=Mid
1	ξυνεθήρων	ξυνεθήρων	VERB	Aspect=Imp|Mood=Ind|Number=Plur|Person=3|Tense=Past|VerbForm=Fin|Voice=Act
1	ξυνεισέπεσον	ξυνειμπίτσω	VERB	Mood=Ind|Number=Plur|Person=3|Tense=Past|VerbForm=Fin|Voice=Act
1	ξυνερρυήκεσα^ν	ξυνερρυήκεσαν	VERB	Mood=Ind|Number=Plur|Person=3|Tense=Pqp|VerbForm=Fin|Voice=Act
1	ξυνεστρατεῦσθαι	ξυνεστρατεῦσθαι	VERB	Aspect=Perf|Tense=Past|VerbForm=Inf|Voice=Mid
1	ξυνεστρατοπεδεύετο	ξυνεστρατοπεδεύετο	VERB	Aspect=Imp|Mood=Ind|Number=Sing|Person=3|Tense=Past|VerbForm=Fin|Voice=Mid
1	ξυνεχώρησε	ξυγχωρέω	VERB	Mood=Ind|Number=Sing|Person=3|Tense=Past|VerbForm=Fin|Voice=Act
1	ξυνεώρων	ξυνεοράω	VERB	Aspect=Imp|Mood=Ind|Number=Plur|Person=3|Tense=Past|VerbForm=Fin|Voice=Act
1	ξυνηκολούθουν	ξυνηκολούθουν	VERB	Aspect=Imp|Mood=Ind|Number=Plur|Person=3|Tense=Past|VerbForm=Fin|Voice=Act
1	ξυνησθησομένους	ξυνησθέω	VERB	Case=Acc|Gender=Masc|Number=Plur|Tense=Fut|VerbForm=Part|Voice=Mid
1	οἰκήματος	οἰκήμα	NOUN	Case=Gen|Gender=Neut|Number=Sing
1	οἰκίᾳ	οἰκία	NOUN	Case=Acc|Gender=Neut|Number=Plur
1	οὐδεμιᾷ	οὐδεμιᾷ	ADJ	Case=Dat|Gender=Fem|Number=Sing
1	οὐραγούς	οὐραγός	NOUN	Case=Acc|Gender=Masc|Number=Plur
1	οὐραγοὺς	οὐραγός	NOUN	Case=Acc|Gender=Masc|Number=Plur
1	πα^ρίημι^	παρίημι	VERB	Mood=Ind|Number=Sing|Person=1|Tense=Pres|VerbForm=Fin|Voice=Act
1	πα^ρα	παρα	ADP	
1	πα^ρα^δίδωσι^	παραδίδωμι	VERB	Mood=Ind|Number=Sing|Person=3|Tense=Pres|VerbForm=Fin|Voice=Act
1	πα^ρα^δίδωσι^ν	παραδίδωμι	VERB	Mood=Ind|Number=Sing|Person=3|Tense=Pres|VerbForm=Fin|Voice=Act
1	πα^ρα^διδόα_σι^ν	παραδίδωμι	VERB	Mood=Ind|Number=Plur|Person=3|Tense=Pres|VerbForm=Fin|Voice=Act
1	πα^ρα^διδῶσι^ν	παραδιδῶ	VERB	Mood=Sub|Number=Plur|Person=3|Tense=Pres|VerbForm=Fin|Voice=Act
1	πα^ραβά^ντος	παραβαίνω	VERB	Case=Gen|Gender=Masc|Number=Sing|Tense=Past|VerbForm=Part|Voice=Act
1	πα^ραγωγήν	παραγωγή	NOUN	Case=Acc|Gender=Fem|Number=Sing
1	πα^ραλυποῦντα^ς	παραλυπέω	VERB	Case=Acc|Gender=Masc|Number=Plur|Tense=Pres|VerbForm=Part|Voice=Act
1	πα^ραλυόμενοι	παραλύω	VERB	Case=Nom|Gender=Masc|Number=Plur|Tense=Pres|VerbForm=Part|Voice=Mid
1	πα^ραμελοῦντα^ς	παραμελέω	VERB	Case=Acc|Gender=Masc|Number=Plur|Tense=Pres|VerbForm=Part|Voice=Act
1	πα^ρεγγυώντων	παρεγγυάω	VERB	Case=Gen|Gender=Masc|Number=Plur|Tense=Pres|VerbForm=Part|Voice=Act
1	πα^ρεγγυᾶν	παρεγγυάω	VERB	Tense=Pres|VerbForm=Inf|Voice=Act
1	πα^ρῇσαν	παρῇσαν	VERB	Aspect=Imp|Mood=Ind|Number=Plur|Person=3|Tense=Past|VerbForm=Fin|Voice=Act
1	πα^τέρας	πατήρ	NOUN	Case=Acc|Gender=Masc|Number=Plur
1	παγκρά^τιον	παγκράτιον	NOUN	Case=Acc|Gender=Neut|Number=Sing
1	παιανίσαντα^ς	παιανίζω	VERB	Case=Acc|Gender=Masc|Number=Plur|Tense=Past|VerbForm=Part|Voice=Act
1	παλλακίδα	παλλακίς	NOUN	Case=Acc|Gender=Fem|Number=Sing
1	πανουργίαν	πανουργία	NOUN	Case=Acc|Gender=Fem|Number=Sing
1	πανουργοτά^τῳ	πανουργός	ADJ	Case=Dat|Degree=Sup|Gender=Masc|Number=Sing
1	παντοδαπά^	παντοδαπός	ADJ	Case=Acc|Gender=Neut|Number=Plur
1	παρέδωκε	παραδίδωμι	VERB	Mood=Ind|Number=Sing|Person=3|Tense=Past|VerbForm=Fin|Voice=Act
1	παρήλαυνεν	παρήλαυνεν	VERB	Mood=Ind|Number=Sing|Person=3|Tense=Past|VerbForm=Fin|Voice=Act
1	παρήλαυνον	παρήλαυνον	VERB	Aspect=Imp|Mood=Ind|Number=Plur|Person=3|Tense=Past|VerbForm=Fin|Voice=Act
1	παραγαγόντα^	παραγαμγάνω	VERB	Case=Acc|Gender=Masc|Number=Sing|Tense=Past|VerbForm=Part|Voice=Act
1	παραγαγόντας	παραγαμγάνω	VERB	Case=Acc|Gender=Masc|Number=Plur|Tense=Past|VerbForm=Part|Voice=Act
1	παραγγέλσεως	παραγγέλσεως	NOUN	Case=Gen|Gender=Fem|Number=Sing
1	παραγγελλόμενον	παραγγελλόμενον	VERB	Case=Acc|Gender=Neut|Number=Sing|Tense=Pres|VerbForm=Part|Voice=Mid
1	παραδεδώκαμεν	παραδαδίδωμι	VERB	Aspect=Perf|Mood=Ind|Number=Plur|Person=1|Tense=Past|VerbForm=Fin|Voice=Act
1	παραδράμῃ	παραδράμῃ	VERB	Mood=Sub|Number=Sing|Person=3|Tense=Past|VerbForm=Fin|Voice=Act
1	παραδόντας	παραδίδωμι	VERB	Case=Acc|Gender=Masc|Number=Plur|Tense=Past|VerbForm=Part|Voice=Act
1	παραθαρρύνητε	παραθαρρύνω	VERB	Mood=Sub|Number=Plur|Person=2|Tense=Pres|VerbForm=Fin|Voice=Act
1	παραθεῖ	παραθημῖ	VERB	Aspect=Imp|Mood=Ind|Number=Sing|Person=3|Tense=Past|VerbForm=Fin|Voice=Act
1	παραθεῖναι	παρατίθημι	VERB	Tense=Past|VerbForm=Inf|Voice=Act
1	παρακέλευσι^ς	παρακέλευσις	NOUN	Case=Nom|Gender=Fem|Number=Sing
1	παρακαλέσαντα^ς	παρακαλέω	VERB	Case=Acc|Gender=Masc|Number=Plur|Tense=Past|VerbForm=Part|Voice=Act
1	παρακαλέσαντες	παρακαλέω	VERB	Case=Nom|Gender=Masc|Number=Plur|Tense=Past|VerbForm=Part|Voice=Act
1	παρακαταθήκην	παρακαταθήκη	NOUN	Case=Acc|Gender=Fem|Number=Sing
1	παρακελευσάμενοι	παρακελεύω	VERB	Case=Nom|Gender=Masc|Number=Plur|Tense=Past|VerbForm=Part|Voice=Mid
1	παραλειπομένῳ	παραλείπω	VERB	Case=Dat|Gender=Masc|Number=Sing|Tense=Pres|VerbForm=Part|Voice=Mid
1	παραμηριδί^οις	παραμηριδίοις	ADJ	Case=Dat|Gender=Masc|Number=Plur
1	παραπλέοντα^	παραπλέω	VERB	Case=Acc|Gender=Neut|Number=Plur|Tense=Pres|VerbForm=Part|Voice=Act
1	παραπλεύσαντες	παραπλέω	VERB	Case=Nom|Gender=Masc|Number=Plur|Tense=Past|VerbForm=Part|Voice=Act
1	παραρρεῖ	παραρρέω	VERB	Mood=Ind|Number=Sing|Person=3|Tense=Pres|VerbForm=Fin|Voice=Act
1	παραρρυείη	παραρρυείη	VERB	Mood=Opt|Number=Sing|Person=3|Tense=Past|VerbForm=Fin|Voice=Pass
1	παρασκευήν	παρασκευή	NOUN	Case=Acc|Gender=Fem|Number=Sing
1	παρασκευασαμένους	παρασκευάζω	VERB	Aspect=Perf|Case=Acc|Gender=Masc|Number=Plur|Tense=Past|VerbForm=Part|Voice=Mid
1	παρατεῖναι	παρατείνω	VERB	Tense=Past|VerbForm=Inf|Voice=Act
1	παρατρέχοντα^ς	παρατρέχω	VERB	Case=Acc|Gender=Masc|Number=Plur|Tense=Pres|VerbForm=Part|Voice=Act
1	παρεγγυήσαντος	παρεγγυέω	VERB	Aspect=Perf|Case=Gen|Gender=Masc|Number=Sing|Tense=Past|VerbForm=Part|Voice=Act
1	παρεγγυῶσι^	παρεγγυῶ	VERB	Mood=Sub|Number=Plur|Person=3|Tense=Pres|VerbForm=Fin|Voice=Act
1	παρεγγυῷτο	παρεγγυῷτο	VERB	Mood=Ind|Number=Sing|Person=3|Tense=Pqp|VerbForm=Fin|Voice=Mid
1	παρεγγύην	παρεγγύα	NOUN	Case=Acc|Gender=Fem|Number=Sing
1	παρεδεδραμήκεσα^ν	παρεδεδραμήκεσαν	VERB	Mood=Ind|Number=Plur|Person=3|Tense=Pqp|VerbForm=Fin|Voice=Act
1	παρεδώκατε	παραδίδωμι	VERB	Aspect=Perf|Mood=Ind|Number=Plur|Person=2|Tense=Past|VerbForm=Fin|Voice=Act
1	παρεθάρρυνόν	παρεθάρρυνόν	VERB	Aspect=Imp|Mood=Ind|Number=Plur|Person=3|Tense=Past|VerbForm=Fin|Voice=Act
1	παρεληλύθεσα^ν	παρεληλύθεσαν	VERB	Mood=Ind|Number=Plur|Person=3|Tense=Pqp|VerbForm=Fin|Voice=Act
1	παρεσκηνήσαμεν	παρεσκηνήω	VERB	Aspect=Perf|Mood=Ind|Number=Plur|Person=1|Tense=Past|VerbForm=Fin|Voice=Act
1	παρετέτατο	παρετέτημι	VERB	Mood=Ind|Number=Sing|Person=3|Tense=Pqp|VerbForm=Fin|Voice=Mid
1	παρετίθεσα^ν	παρετίθεσαν	VERB	Aspect=Imp|Mood=Ind|Number=Plur|Person=3|Tense=Past|VerbForm=Fin|Voice=Act
1	παρηγγέλθη	παρηγγέλθη	VERB	Mood=Ind|Number=Sing|Person=3|Tense=Past|VerbForm=Fin|Voice=Pass
1	παρηγγελμένα^	παρηγγελμένα	VERB	Aspect=Perf|Case=Acc|Gender=Neut|Number=Plur|Tense=Past|VerbForm=Part|Voice=Mid
1	παρηγγύησα^ν	παρηγγύησαν	VERB	Mood=Ind|Number=Plur|Person=3|Tense=Past|VerbForm=Fin|Voice=Act
1	παρηγγύησε	παρηγγύησε	VERB	Mood=Ind|Number=Sing|Person=3|Tense=Past|VerbForm=Fin|Voice=Act
1	παρηκολουθήκει	παρηκολουθήκει	VERB	Aspect=Imp|Mood=Ind|Number=Sing|Person=3|Tense=Past|VerbForm=Fin|Voice=Act
1	παρόδους	πάροδος	NOUN	Case=Acc|Gender=Fem|Number=Plur
1	πεδινωτέρα^	πεδινωτέρα	ADJ	Case=Nom|Degree=Cmp|Gender=Neut|Number=Plur
1	πεδινόν	πεδινός	ADJ	Case=Nom|Gender=Neut|Number=Sing
1	πελταστικῷ	πελταστικῷ	ADJ	Case=Dat|Gender=Neut|Number=Sing
1	πενίαν	πενία	NOUN	Case=Acc|Gender=Fem|Number=Sing
1	πεπαμένον	πεπαμένον	VERB	Aspect=Perf|Case=Acc|Gender=Masc|Number=Sing|Tense=Past|VerbForm=Part|Voice=Mid
1	πεπλούτικεν	πεπλούτικεν	VERB	Mood=Ind|Number=Sing|Person=3|Tense=Pqp|VerbForm=Fin|Voice=Act
1	περίφοβος	περίφοβος	ADJ	Case=Nom|Gender=Masc|Number=Sing
1	περι^ία_σι^	περιίασι	VERB	Mood=Ind|Number=Plur|Person=3|Tense=Pres|VerbForm=Fin|Voice=Act
1	περι^λαβὼν	περιλαμβάνω	VERB	Case=Nom|Gender=Masc|Number=Sing|Tense=Past|VerbForm=Part|Voice=Act
1	περι^πλεούσας	περιπλέω	VERB	Case=Acc|Gender=Fem|Number=Plur|Tense=Pres|VerbForm=Part|Voice=Act
1	περι^φανῶς	περιφανής	ADV	
1	περιειλεῖν	περιειλεῖν	VERB	Tense=Past|VerbForm=Inf|Voice=Act
1	περιεπήγνυντο	περιεπήγνυμι	VERB	Aspect=Imp|Mood=Ind|Number=Plur|Person=3|Tense=Past|VerbForm=Fin|Voice=Mid
1	περιερρεῖτο	περιερρεῖτο	VERB	Aspect=Imp|Mood=Ind|Number=Sing|Person=3|Tense=Past|VerbForm=Fin|Voice=Mid
1	περιεσταύρωντο	περιεσταύρωντο	VERB	Mood=Ind|Number=Plur|Person=3|Tense=Pqp|VerbForm=Fin|Voice=Mid
1	περιεστῶτα^ς	περιεστήξω	VERB	Aspect=Perf|Case=Acc|Gender=Masc|Number=Plur|Tense=Past|VerbForm=Part|Voice=Act
1	περιεῖλκε	περιεῖλκε	VERB	Aspect=Imp|Mood=Ind|Number=Sing|Person=3|Tense=Past|VerbForm=Fin|Voice=Act
1	περιεῖναι	περίειμι	VERB	Tense=Pres|VerbForm=Inf|Voice=Act
1	περικεκυκλωμένοι	περικεκυκλωμένοι	VERB	Aspect=Perf|Case=Nom|Gender=Masc|Number=Plur|Tense=Past|VerbForm=Part|Voice=Mid
1	περιρρυῆναι	περιρρυῆναι	VERB	Tense=Past|VerbForm=Inf|Voice=Pass
1	περιῄει	περί-εἶμι	VERB	Aspect=Imp|Mood=Ind|Number=Sing|Person=3|Tense=Past|VerbForm=Fin|Voice=Act
1	περιῆν	περίειμι	VERB	Aspect=Imp|Mood=Ind|Number=Sing|Person=3|Tense=Past|VerbForm=Fin|Voice=Act
1	περιῆσα^ν	περίειμι	VERB	Aspect=Imp|Mood=Ind|Number=Plur|Person=3|Tense=Past|VerbForm=Fin|Voice=Act
1	περσιστὶ	περσιστὶ	ADV	
1	περυσινῶν	περυσινῶν	ADJ	Case=Gen|Gender=Masc|Number=Plur
1	πετροβολία_ς	πετροβολία	NOUN	Case=Gen|Gender=Fem|Number=Sing
1	πιστοτέραν	πιστοτέραν	ADJ	Case=Acc|Degree=Cmp|Gender=Fem|Number=Sing
1	πλαισίῳ	πλαισίῳ	ADJ	Case=Dat|Degree=Pos|Gender=Masc|Number=Sing
1	πλατύ	πλατύς	ADJ	Case=Acc|Gender=Neut|Number=Sing
1	πλατύτερον	πλατύς	ADJ	Case=Nom|Degree=Cmp|Gender=Neut|Number=Sing
1	πλεθριαῖαι	πλεθριαῖος	ADJ	Case=Nom|Gender=Fem|Number=Plur
1	πλησιαίτατος	πλησιαίς	ADJ	Case=Nom|Degree=Sup|Gender=Masc|Number=Sing
1	πλησιαιτάτῳ	πλησιαιτάτῳ	ADJ	Case=Dat|Degree=Sup|Gender=Masc|Number=Sing
1	πολεμικωτά^τους	πολεμικός	ADJ	Case=Acc|Degree=Sup|Gender=Masc|Number=Plur
1	πολεμικώτατα^	πολεμικώς	ADJ	Case=Acc|Degree=Sup|Gender=Neut|Number=Plur
1	πολεμιωτά^του	πολεμιωτάτου	ADJ	Case=Gen|Degree=Sup|Gender=Masc|Number=Sing
1	πολεμιώτεροι	πολεμιώς	ADJ	Case=Nom|Degree=Cmp|Gender=Masc|Number=Plur
1	πολιτεύοντα^ς	πολιτεύω	VERB	Case=Acc|Gender=Masc|Number=Plur|Tense=Pres|VerbForm=Part|Voice=Act
1	πολλαπλά^σιοι	πολλαπλάσιος	ADJ	Case=Nom|Gender=Masc|Number=Plur
1	πολλαπλάσια^	πολλαπλάσιος	ADJ	Case=Acc|Gender=Neut|Number=Plur
1	πολλαπλασί^οις	πολλαπλασίοις	ADJ	Case=Dat|Gender=Masc|Number=Plur
1	πολλαπλασί^ους	πολλαπλάσιος	ADJ	Case=Acc|Gender=Masc|Number=Plur
1	πολυαρχία_ς	πολυαρχία	NOUN	Case=Gen|Gender=Fem|Number=Sing
1	πορίσας	πορίζω	VERB	Case=Nom|Gender=Masc|Number=Sing|Tense=Past|VerbForm=Part|Voice=Act
1	πορίσητε	πορίω	VERB	Mood=Sub|Number=Plur|Person=2|Tense=Past|VerbForm=Fin|Voice=Act
1	πράγματι^	πρᾶγμα	NOUN	Case=Dat|Gender=Neut|Number=Sing
1	πραγματευόμενός	πραγματευόμενός	VERB	Case=Nom|Gender=Masc|Number=Sing|Tense=Pres|VerbForm=Part|Voice=Mid
1	πριάμενοι	πριάμενοι	VERB	Case=Nom|Gender=Masc|Number=Plur|Tense=Pres|VerbForm=Part|Voice=Mid
1	προΐδηται	προΐδομαι	VERB	Mood=Sub|Number=Sing|Person=3|Tense=Past|VerbForm=Fin|Voice=Mid
1	προΐδοιεν	προΐδοιεν	VERB	Mood=Opt|Number=Plur|Person=3|Tense=Past|VerbForm=Fin|Voice=Act
1	προάγοντες	προάγω	VERB	Case=Nom|Gender=Masc|Number=Plur|Tense=Pres|VerbForm=Part|Voice=Act
1	προήγαγεν	προάγω	VERB	Mood=Ind|Number=Sing|Person=3|Tense=Past|VerbForm=Fin|Voice=Act
1	προαγαγόντες	προάγω	VERB	Case=Nom|Gender=Masc|Number=Plur|Tense=Past|VerbForm=Part|Voice=Act
1	προαπετράποντο	προαπιτρέπω	VERB	Mood=Ind|Number=Plur|Person=3|Tense=Past|VerbForm=Fin|Voice=Mid
1	προβαλέσθαι	προβαλέσθαι	VERB	Tense=Pres|VerbForm=Inf|Voice=Mid
1	προβαλόμενοι	προβαλόμενοι	VERB	Case=Nom|Gender=Masc|Number=Plur|Tense=Past|VerbForm=Part|Voice=Mid
1	προδεδώκασι^ν	προδεδώκασιν	VERB	Aspect=Perf|Mood=Ind|Number=Plur|Person=3|Tense=Past|VerbForm=Fin|Voice=Act
1	προεληλακέναι	προεληλακέναι	VERB	Aspect=Perf|Tense=Past|VerbForm=Inf|Voice=Act
1	προεληλυθότων	προεληλυθότων	VERB	Aspect=Perf|Case=Gen|Gender=Masc|Number=Plur|Tense=Past|VerbForm=Part|Voice=Act
1	προεληλύθεσα^ν	προεληλύθεσαν	VERB	Mood=Ind|Number=Plur|Person=3|Tense=Past|VerbForm=Fin|Voice=Act
1	προεστάναι	προίστημι	VERB	Tense=Past|VerbForm=Inf|Voice=Act
1	προεστήκασι^ν	προεστήκασιν	VERB	Aspect=Perf|Mood=Ind|Number=Plur|Person=3|Tense=Past|VerbForm=Fin|Voice=Act
1	προθυμεῖται	προθυμέω	VERB	Mood=Ind|Number=Sing|Person=3|Tense=Pres|VerbForm=Fin|Voice=Mid
1	προθυμοτά^τοις	προθυμοτάτοις	ADJ	Case=Dat|Degree=Sup|Gender=Masc|Number=Plur
1	προθυμοτέρους	προθῦμος	ADJ	Case=Acc|Degree=Cmp|Gender=Masc|Number=Plur
1	προθυμουμένου	προθυμέω	VERB	Case=Gen|Gender=Masc|Number=Sing|Tense=Pres|VerbForm=Part|Voice=Mid
1	προθυμότερον	πρόθυμος	ADV	Degree=Cmp
1	προκαλύψασα^	προκαλύπω	VERB	Case=Nom|Gender=Fem|Number=Sing|Tense=Past|VerbForm=Part|Voice=Act
1	προκατακαίοντα^ς	προκατακαίω	VERB	Case=Acc|Gender=Masc|Number=Plur|Tense=Pres|VerbForm=Part|Voice=Act
1	προκαταλαβοῦσι^	προκαταλαβοῦσι	VERB	Aspect=Perf|Case=Dat|Gender=Masc|Number=Plur|Tense=Past|VerbForm=Part|Voice=Act
1	προκαταλαβοῦσι^ν	προκαταλαμβάνω	VERB	Aspect=Perf|Case=Dat|Gender=Masc|Number=Plur|Tense=Past|VerbForm=Part|Voice=Act
1	προκαταληψομένους	προκαταλαμβάνω	VERB	Case=Acc|Gender=Masc|Number=Plur|Tense=Fut|VerbForm=Part|Voice=Mid
1	προκατειλημμένην	πρόκατειλημμαι	VERB	Aspect=Perf|Case=Acc|Gender=Fem|Number=Sing|Tense=Past|VerbForm=Part|Voice=Mid
1	προκινδυνεύειν	προκινδυνεύω	VERB	Tense=Pres|VerbForm=Inf|Voice=Act
1	προκριθῆναι	προκρίνω	VERB	Aspect=Perf|Tense=Past|VerbForm=Inf|Voice=Pass
1	προμαχεῶνα^ς	προμαχεῶνες	NOUN	Case=Acc|Gender=Masc|Number=Plur
1	προμετωπίδια^	προμετωπίδιος	ADJ	Case=Acc|Gender=Neut|Number=Plur
1	προσήλασεν	προσελαύνω	VERB	Mood=Ind|Number=Sing|Person=3|Tense=Past|VerbForm=Fin|Voice=Act
1	προσία_σι^ν	προσίαμι	VERB	Mood=Ind|Number=Plur|Person=3|Tense=Pres|VerbForm=Fin|Voice=Act
1	προσίεντο	προσίημι	VERB	Aspect=Imp|Mood=Ind|Number=Plur|Person=3|Tense=Past|VerbForm=Fin|Voice=Mid
1	προσίεσα^ν	προσίημι	VERB	Aspect=Imp|Mood=Ind|Number=Plur|Person=3|Tense=Past|VerbForm=Fin|Voice=Act
1	προσίεσθαι	προσίομαι	VERB	Tense=Pres|VerbForm=Inf|Voice=Mid
1	προσίοιντο	προσίοιντο	VERB	Mood=Opt|Number=Plur|Person=3|Tense=Pres|VerbForm=Fin|Voice=Mid
1	προσίῃ	προσίω	VERB	Mood=Sub|Number=Sing|Person=3|Tense=Pres|VerbForm=Fin|Voice=Act
1	προσαγομένων	προσαγομένων	VERB	Case=Gen|Gender=Masc|Number=Plur|Tense=Pres|VerbForm=Part|Voice=Mid
1	προσανεῖπεν	προσανεῖπον	VERB	Mood=Ind|Number=Sing|Person=3|Tense=Past|VerbForm=Fin|Voice=Act
1	προσανηλωκότες	προσανηλωκότες	VERB	Aspect=Perf|Case=Nom|Gender=Masc|Number=Plur|Tense=Past|VerbForm=Part|Voice=Act
1	προσδανεισάμενος	προσδανεισάμενος	VERB	Case=Nom|Gender=Masc|Number=Sing|Tense=Past|VerbForm=Part|Voice=Mid
1	προσδραμὼν	προστρέχω	VERB	Case=Nom|Gender=Masc|Number=Sing|Tense=Past|VerbForm=Part|Voice=Act
1	προσελάσαι	προσελάω	VERB	Tense=Past|VerbForm=Inf|Voice=Act
1	προσελθόντας	προσέρχομαι	VERB	Aspect=Perf|Case=Acc|Gender=Masc|Number=Plur|Tense=Past|VerbForm=Part|Voice=Act
1	προσευξάμενοι	προσεύχομαι	VERB	Case=Nom|Gender=Masc|Number=Plur|Tense=Past|VerbForm=Part|Voice=Mid
1	προστατεῦσαι	προστατεύω	VERB	Tense=Past|VerbForm=Inf|Voice=Act
1	προστατῆσαι	προστατέω	VERB	Tense=Past|VerbForm=Inf|Voice=Act
1	προστερνίδια^	προστερνίδιος	ADJ	Case=Acc|Gender=Neut|Number=Plur
1	προσωτάτω	πρόσω	ADV	
1	προτελέσας	προτελέω	VERB	Case=Nom|Gender=Masc|Number=Sing|Tense=Past|VerbForm=Part|Voice=Act
1	προτιμήσεσθε	προτιμάω	VERB	Mood=Ind|Number=Plur|Person=2|Tense=Fut|VerbForm=Fin|Voice=Mid
1	προτιμηθῆναι	προτιαμέω	VERB	Tense=Past|VerbForm=Inf|Voice=Pass
1	προυθυμήθημεν	προυθύμαμαι	VERB	Aspect=Perf|Mood=Ind|Number=Plur|Person=1|Tense=Past|VerbForm=Fin|Voice=Pass
1	προφυλακὰς	προφυλακή	NOUN	Case=Acc|Gender=Masc|Number=Plur
1	προφύλακες	προφύλακες	NOUN	Case=Nom|Gender=Masc|Number=Plur
1	προϊέμενοι	προϊέμενοι	VERB	Case=Nom|Gender=Masc|Number=Plur|Tense=Pres|VerbForm=Part|Voice=Mid
1	προϊούσης	πρόειμι	VERB	Case=Gen|Gender=Fem|Number=Sing|Tense=Pres|VerbForm=Part|Voice=Act
1	προϊὼν	πρίεομϊ	VERB	Case=Nom|Gender=Masc|Number=Sing|Tense=Pres|VerbForm=Part|Voice=Act
1	προύπινον	προύπινον	VERB	Aspect=Imp|Mood=Ind|Number=Plur|Person=3|Tense=Past|VerbForm=Fin|Voice=Act
1	πυ_ρα^μὶς	πυραμὶς	NOUN	Case=Nom|Gender=Fem|Number=Sing
1	πυρί^νοις	πυρίνος	ADJ	Case=Dat|Gender=Neut|Number=Plur
1	πυργομαχοῦντες	πυργομαχέω	VERB	Case=Nom|Gender=Masc|Number=Plur|Tense=Pres|VerbForm=Part|Voice=Act
1	πυρρίχην	πυρρίχη	NOUN	Case=Acc|Gender=Fem|Number=Sing
1	σάγαρι^ν	σάγαριν	NOUN	Case=Acc|Gender=Neut|Number=Sing
1	σακί^α^	σακίον	NOUN	Case=Acc|Gender=Neut|Number=Plur
1	σακίων	σάκιον	NOUN	Case=Gen|Gender=Neut|Number=Plur
1	σατράπῃ	σατράπης	NOUN	Case=Dat|Gender=Masc|Number=Sing
1	σατραπεύοντι^	σατραπεύω	VERB	Case=Dat|Gender=Masc|Number=Sing|Tense=Pres|VerbForm=Part|Voice=Act
1	σατραπεύουσι^ν	σατραπεύω	VERB	Mood=Ind|Number=Plur|Person=3|Tense=Pres|VerbForm=Fin|Voice=Act
1	σημανοῦντα^	σημανέω	VERB	Case=Acc|Gender=Masc|Number=Sing|Tense=Pres|VerbForm=Part|Voice=Act
1	σι_τηρέσιον	σιτηρέσιος	NOUN	Case=Acc|Gender=Neut|Number=Sing
1	σιγάζοντος	σιγάζω	VERB	Case=Gen|Gender=Masc|Number=Sing|Tense=Pres|VerbForm=Part|Voice=Act
1	σιγὴν	σιγή	NOUN	Case=Acc|Gender=Fem|Number=Sing
1	σιδηρεία_ς	σιδηρείας	NOUN	Case=Gen|Gender=Fem|Number=Sing
1	σιδηρᾶ_ς	σιδηροῦς	ADJ	Case=Acc|Gender=Fem|Number=Plur
1	σιταγωγά^	σιταγωγός	ADJ	Case=Nom|Gender=Neut|Number=Plur
1	σιτευτούς	σιτευτός	NOUN	Case=Acc|Gender=Masc|Number=Plur
1	σκυλεύσας	σκυλάω	VERB	Case=Nom|Gender=Masc|Number=Sing|Tense=Past|VerbForm=Part|Voice=Act
1	σκυτά^λοις	σκυτάλοις	NOUN	Case=Dat|Gender=Masc|Number=Plur
1	σπεισαμένου	σπεισαμένου	VERB	Case=Gen|Gender=Masc|Number=Sing|Tense=Past|VerbForm=Part|Voice=Mid
1	στέαρ	στέαρ	NOUN	Case=Nom|Gender=Neut|Number=Sing
1	στεγάσματα^	στεγάσματα	NOUN	Case=Acc|Gender=Neut|Number=Plur
1	στειβομένας	στειβομένας	VERB	Case=Acc|Gender=Fem|Number=Plur|Tense=Pres|VerbForm=Part|Voice=Mid
1	στενοχωρία_ς	στενοχωρία	NOUN	Case=Gen|Gender=Fem|Number=Sing
1	στρατευσομέναις	στρατευσομέναις	VERB	Case=Dat|Gender=Fem|Number=Plur|Tense=Pres|VerbForm=Part|Voice=Mid
1	στρατηγήσοντα^	στρατηγέω	VERB	Case=Acc|Gender=Masc|Number=Sing|Tense=Fut|VerbForm=Part|Voice=Act
1	στρατηλοὶ	στρατηλός	NOUN	Case=Nom|Gender=Masc|Number=Plur
1	στρατιώτην	στρατιώτης	NOUN	Case=Acc|Gender=Masc|Number=Sing
1	στρωματοδέσμου	στρωματοδέσμου	NOUN	Case=Gen|Gender=Neut|Number=Sing
1	συ^μπέμψατε	συμπέμπω	VERB	Mood=Imp|Number=Plur|Person=2|Tense=Past|VerbForm=Fin|Voice=Act
1	συ^μπαρέχων	συμπαρέχω	VERB	Case=Nom|Gender=Masc|Number=Sing|Tense=Pres|VerbForm=Part|Voice=Act
1	συ^μπαρασκευά^ζειν	συμπαρασκευάζω	VERB	Tense=Pres|VerbForm=Inf|Voice=Act
1	συ^ναγαγόντες	συνάγω	VERB	Case=Nom|Gender=Masc|Number=Plur|Tense=Past|VerbForm=Part|Voice=Act
1	συ^νανέστη	συνανίστημι	VERB	Mood=Ind|Number=Sing|Person=1|Tense=Pqp|VerbForm=Fin|Voice=Act
1	συ^ναναβάντων	συναναβαίνω	VERB	Case=Gen|Gender=Masc|Number=Plur|Tense=Past|VerbForm=Part|Voice=Act
1	συ^ναναπρᾶξαι	συναναπρᾶσσω	VERB	Tense=Past|VerbForm=Inf|Voice=Act
1	συ^ναπολαμβά^νειν	συναπολαμβάνω	VERB	Tense=Pres|VerbForm=Inf|Voice=Act
1	συ^νδιαβά^ντα^	συνδιαβαίνω	VERB	Case=Acc|Gender=Masc|Number=Sing|Tense=Past|VerbForm=Part|Voice=Act
1	συ^νεκβιβά^ζειν	συνεκβιβάζω	VERB	Tense=Pres|VerbForm=Inf|Voice=Act
1	συ^νεληλυθότες	συνέρχομαι	VERB	Aspect=Perf|Case=Nom|Gender=Masc|Number=Plur|Tense=Past|VerbForm=Part|Voice=Act
1	συ^νιδεῖν	συνοράω	VERB	Tense=Pres|VerbForm=Inf|Voice=Act
1	συ^νουσίαις	συνουσία	NOUN	Case=Dat|Gender=Fem|Number=Plur
1	συ^ντομωτάτην	συντομός	ADJ	Case=Acc|Degree=Sup|Gender=Fem|Number=Sing
1	συ^ντυγχάνουσι^ν	συντυγχάνω	VERB	Mood=Ind|Number=Plur|Person=3|Tense=Pres|VerbForm=Fin|Voice=Act
1	συ^νῇσαν	συνῇσαν	VERB	Aspect=Imp|Mood=Ind|Number=Plur|Person=3|Tense=Past|VerbForm=Fin|Voice=Act
1	συγκαθήμενοι	συγκαθήμενοι	VERB	Aspect=Perf|Case=Nom|Gender=Masc|Number=Plur|Tense=Past|VerbForm=Part|Voice=Mid
1	συγκαλέσαντα^ς	συγκαλέω	VERB	Aspect=Perf|Case=Acc|Gender=Masc|Number=Plur|Tense=Past|VerbForm=Part|Voice=Act
1	συγκαλέσαντες	συγκαλέω	VERB	Case=Nom|Gender=Masc|Number=Plur|Tense=Past|VerbForm=Part|Voice=Act
1	συγκατακαῦσαι	συγκατακαίω	VERB	Tense=Past|VerbForm=Inf|Voice=Act
1	συγκατεσκεδάσατο	συγκατεσκεδάσατο	VERB	Mood=Ind|Number=Sing|Person=3|Tense=Past|VerbForm=Fin|Voice=Mid
1	συμμαθόντι^	συμμαθόντι	VERB	Case=Dat|Gender=Masc|Number=Sing|Tense=Past|VerbForm=Part|Voice=Act
1	συμμαχίαν	συμμαχία	NOUN	Case=Acc|Gender=Fem|Number=Sing
1	συμμιγνύασι^ν	συμμιγνύασιν	VERB	Mood=Ind|Number=Plur|Person=3|Tense=Pres|VerbForm=Fin|Voice=Act
1	συμπαρέσχε	συμπαρέσχε	VERB	Mood=Ind|Number=Sing|Person=3|Tense=Pres|VerbForm=Fin|Voice=Act
1	συμποσίαρχον	συμποσίαρχος	NOUN	Case=Acc|Gender=Masc|Number=Sing
1	συμπροθυμεῖσθαι	συμπροθυμέω	VERB	Tense=Pres|VerbForm=Inf|Voice=Mid
1	συμπροθυμηθέντι^	συμπροθυμάω	VERB	Aspect=Perf|Case=Dat|Gender=Masc|Number=Sing|Tense=Past|VerbForm=Part|Voice=Act
1	συμπροθυμηθῆναι	συμπροθυμάω	VERB	Tense=Past|VerbForm=Inf|Voice=Pass
1	συμπρουθυμεῖτο	συμπρουθυμέω	VERB	Aspect=Imp|Mood=Ind|Number=Sing|Person=3|Tense=Past|VerbForm=Fin|Voice=Mid
1	συνέκαμψε	συνικάμπω	VERB	Mood=Ind|Number=Sing|Person=3|Tense=Past|VerbForm=Fin|Voice=Act
1	συνέλεξα^	λέγω	VERB	Mood=Ind|Number=Sing|Person=1|Tense=Past|VerbForm=Fin|Voice=Act
1	συνέπραττεν	συνέπραττεν	VERB	Aspect=Imp|Mood=Ind|Number=Sing|Person=3|Tense=Past|VerbForm=Fin|Voice=Act
1	συνέπραττον	συνέπραττον	VERB	Aspect=Imp|Mood=Ind|Number=Plur|Person=3|Tense=Past|VerbForm=Fin|Voice=Act
1	συνέσπων	συνέσπων	VERB	Mood=Ind|Number=Plur|Person=3|Tense=Past|VerbForm=Fin|Voice=Act
1	συνήδετο	συνήδετο	VERB	Aspect=Imp|Mood=Ind|Number=Sing|Person=3|Tense=Past|VerbForm=Fin|Voice=Mid
1	συναγείρεσθαι	συναγείρεμι	VERB	Tense=Pres|VerbForm=Inf|Voice=Mid
1	συναλλαγέντι^	συναλλαγέντι	VERB	Aspect=Perf|Case=Dat|Gender=Masc|Number=Sing|Tense=Past|VerbForm=Part|Voice=Act
1	συναπιέναι	συναπιέναι	VERB	Aspect=Perf|Tense=Past|VerbForm=Inf|Voice=Act
1	συνδιεπράττοντο	συνδιεπράττοντο	VERB	Aspect=Imp|Mood=Ind|Number=Plur|Person=3|Tense=Past|VerbForm=Fin|Voice=Mid
1	συνδραμοῦνται	συνδραμέω	VERB	Mood=Ind|Number=Plur|Person=3|Tense=Pres|VerbForm=Fin|Voice=Mid
1	συνεβοήθει	συνεβοήθει	VERB	Mood=Ind|Number=Sing|Person=3|Tense=Past|VerbForm=Fin|Voice=Mid
1	συνεβουλεύετό	συνεβουλεύετό	VERB	Aspect=Imp|Mood=Ind|Number=Sing|Person=3|Tense=Past|VerbForm=Fin|Voice=Mid
1	συνεβόων	συνεβόων	VERB	Aspect=Imp|Mood=Ind|Number=Plur|Person=3|Tense=Past|VerbForm=Fin|Voice=Act
1	συνεδόκει	συνεδόκει	VERB	Mood=Ind|Number=Sing|Person=3|Tense=Pqp|VerbForm=Fin|Voice=Act
1	συνεθελῆσαι	συνεθελέω	VERB	Aspect=Perf|Tense=Past|VerbForm=Inf|Voice=Act
1	συνειλεγμένον	συνειλεγμένον	VERB	Aspect=Perf|Case=Acc|Gender=Neut|Number=Sing|Tense=Past|VerbForm=Part|Voice=Mid
1	συνειλεγμένους	συνειλεγμένους	VERB	Aspect=Perf|Case=Acc|Gender=Masc|Number=Plur|Tense=Past|VerbForm=Part|Voice=Mid
1	συνελέγετο	συμλέγω	VERB	Aspect=Imp|Mood=Ind|Number=Sing|Person=3|Tense=Past|VerbForm=Fin|Voice=Mid
1	συνελέγοντο	συλλέγω	VERB	Aspect=Imp|Mood=Ind|Number=Plur|Person=3|Tense=Past|VerbForm=Fin|Voice=Mid
1	συνελόντι^	συνελόντι	VERB	Case=Dat|Gender=Masc|Number=Sing|Tense=Past|VerbForm=Part|Voice=Act
1	συνεμάχοντο	συλμάχω	VERB	Aspect=Imp|Mood=Ind|Number=Plur|Person=3|Tense=Past|VerbForm=Fin|Voice=Mid
1	συνενηνεγμένα^	συνενηνεγμένα	VERB	Aspect=Perf|Case=Nom|Gender=Neut|Number=Plur|Tense=Past|VerbForm=Part|Voice=Mid
1	συνεξέκοπτον	συνεξέκοπτον	VERB	Aspect=Imp|Mood=Ind|Number=Plur|Person=3|Tense=Past|VerbForm=Fin|Voice=Act
1	συνεξέπιε	συνεξέπιε	VERB	Mood=Ind|Number=Sing|Person=3|Tense=Past|VerbForm=Fin|Voice=Act
1	συνεξεπόρισά^	συνεξεπόρισά	VERB	Mood=Ind|Number=Sing|Person=1|Tense=Past|VerbForm=Fin|Voice=Act
1	συνεπιμελεῖσθαι	συνεπιμελέω	VERB	Tense=Pres|VerbForm=Inf|Voice=Mid
1	συνεπισπεῦσαι	συνεπισπεύω	VERB	Tense=Past|VerbForm=Inf|Voice=Act
1	συνεπιτρῖψαι	συνεπιτρῖπτω	VERB	Aspect=Perf|Tense=Past|VerbForm=Inf|Voice=Act
1	συνεπορεύοντο	συμπορεύομαι	VERB	Aspect=Imp|Mood=Ind|Number=Plur|Person=3|Tense=Past|VerbForm=Fin|Voice=Mid
1	συνεπόδισεν	συνεπόδισεν	VERB	Mood=Ind|Number=Sing|Person=3|Tense=Past|VerbForm=Fin|Voice=Act
1	συνεπόμενοι	συνεπόμενοι	VERB	Case=Nom|Gender=Masc|Number=Plur|Tense=Pres|VerbForm=Part|Voice=Mid
1	συνεργὸς	συνεργός	ADJ	Case=Nom|Gender=Masc|Number=Sing
1	συνεσκευάζοντο	συνασκευάζω	VERB	Aspect=Imp|Mood=Ind|Number=Plur|Person=3|Tense=Past|VerbForm=Fin|Voice=Mid
1	συνεσπειραμένην	συνεσπειραμένην	VERB	Aspect=Perf|Case=Acc|Gender=Fem|Number=Sing|Tense=Past|VerbForm=Part|Voice=Mid
1	συνετάττετο	συντάττω	VERB	Aspect=Imp|Mood=Ind|Number=Sing|Person=3|Tense=Past|VerbForm=Fin|Voice=Mid
1	συνεφείπετο	συνφείπω	VERB	Mood=Ind|Number=Sing|Person=3|Tense=Past|VerbForm=Fin|Voice=Mid
1	συνεώρων	συνεοράω	VERB	Aspect=Imp|Mood=Ind|Number=Plur|Person=3|Tense=Past|VerbForm=Fin|Voice=Act
1	συνηκολούθησά^	συνηκολούθησά	VERB	Mood=Ind|Number=Sing|Person=1|Tense=Past|VerbForm=Fin|Voice=Act
1	συνηλίσθησα^ν	συνηλίσθησαν	VERB	Mood=Ind|Number=Plur|Person=3|Tense=Past|VerbForm=Fin|Voice=Pass
1	συνησθησομένους	συνησθέω	VERB	Case=Acc|Gender=Masc|Number=Plur|Tense=Fut|VerbForm=Part|Voice=Mid
1	συνθεασόμενον	συνθεασόμενον	VERB	Case=Acc|Gender=Masc|Number=Sing|Tense=Fut|VerbForm=Part|Voice=Mid
1	συνοίσειν	συνοφέρω	VERB	Tense=Fut|VerbForm=Inf|Voice=Act
1	συνταξάμενοι	συνταξάμενοι	VERB	Case=Nom|Gender=Masc|Number=Plur|Tense=Past|VerbForm=Part|Voice=Mid
1	συντράπεζοι	συντράπεζως	ADJ	Case=Nom|Gender=Masc|Number=Plur
1	συνωλόλυζον	συνωλόλυζον	VERB	Aspect=Imp|Mood=Ind|Number=Plur|Person=3|Tense=Past|VerbForm=Fin|Voice=Act
1	συνωμολόγουν	συνωμολόγουν	VERB	Aspect=Imp|Mood=Ind|Number=Plur|Person=3|Tense=Past|VerbForm=Fin|Voice=Act
1	συνωφελοῦσι^	συνωφελοῦσι	VERB	Mood=Ind|Number=Plur|Person=3|Tense=Pres|VerbForm=Fin|Voice=Act
1	συνόδῳ	σύνοδος	NOUN	Case=Dat|Gender=Fem|Number=Sing
1	συνῄει	συνῄει	VERB	Aspect=Imp|Mood=Ind|Number=Sing|Person=3|Tense=Past|VerbForm=Fin|Voice=Act
1	συσκευασάμενος	συσκευίζομαα	VERB	Case=Nom|Gender=Masc|Number=Sing|Tense=Past|VerbForm=Part|Voice=Mid
1	συσκευασαμένοις	συσκευάζω	VERB	Aspect=Perf|Case=Dat|Gender=Masc|Number=Plur|Tense=Past|VerbForm=Part|Voice=Mid
1	συστρατήγων	συστρατήγων	NOUN	Case=Gen|Gender=Masc|Number=Plur
1	συστρατευσόμενοι	συστρατευσόμενοι	VERB	Case=Nom|Gender=Masc|Number=Plur|Tense=Fut|VerbForm=Part|Voice=Mid
1	συστρατεύεσθαί	συστρατεύω	VERB	Tense=Pres|VerbForm=Inf|Voice=Mid
1	συστρατεύσεσθαι	συστρατεύσεσθαι	VERB	Tense=Fut|VerbForm=Inf|Voice=Mid
1	συστρατεύσοιντο	συστρατεύσω	VERB	Mood=Opt|Number=Plur|Person=3|Tense=Pres|VerbForm=Fin|Voice=Mid
1	συστρατιωτῶν	συστρατιωτῶν	NOUN	Case=Gen|Gender=Masc|Number=Plur
1	σφαγιάσασθαι	σφαγιάζω	VERB	Tense=Past|VerbForm=Inf|Voice=Mid
1	σφαγιασάμενος	σφαγιάζομαι	VERB	Case=Nom|Gender=Masc|Number=Sing|Tense=Past|VerbForm=Part|Voice=Mid
1	σχολαίαν	σχολαίη	NOUN	Case=Acc|Gender=Fem|Number=Sing
1	σωτήριον	σωτήριον	ADJ	Case=Nom|Gender=Neut|Number=Sing
1	σωτήριόν	σωτήριον	ADJ	Case=Acc|Gender=Neut|Number=Sing
1	σωφρονιζούσας	σωφρονιζούσας	VERB	Case=Acc|Gender=Fem|Number=Plur|Tense=Pres|VerbForm=Part|Voice=Act
1	σύειον	σύειος	ADJ	Case=Nom|Gender=Neut|Number=Sing
1	σύνοιδεν	σύνοιδον	VERB	Mood=Ind|Number=Sing|Person=3|Tense=Past|VerbForm=Fin|Voice=Act
1	τάπιδα^	τάπιδα	NOUN	Case=Acc|Gender=Fem|Number=Sing
1	τάπιδα^ς	τάπιδη	NOUN	Case=Acc|Gender=Fem|Number=Plur
1	τάρα^χος	τάραχος	NOUN	Case=Nom|Gender=Masc|Number=Sing
1	τίμια^	τίμιος	ADJ	Case=Nom|Gender=Neut|Number=Plur
1	ταμιεύεσθαι	ταμιεύομαι	VERB	Tense=Pres|VerbForm=Inf|Voice=Mid
1	ταξάμενοι	τάσσω	VERB	Case=Nom|Gender=Masc|Number=Plur|Tense=Past|VerbForm=Part|Voice=Mid
1	ταξιά^ρχων	ταξίαρχος	NOUN	Case=Gen|Gender=Masc|Number=Plur
1	ταπεινῶσαι	ταπεινόω	VERB	Tense=Past|VerbForm=Inf|Voice=Act
1	ταράξαντες	ταράσσω	VERB	Case=Nom|Gender=Masc|Number=Plur|Tense=Past|VerbForm=Part|Voice=Act
1	ταραττομένους	ταραττομένους	VERB	Case=Acc|Gender=Masc|Number=Plur|Tense=Pres|VerbForm=Part|Voice=Mid
1	ταραττόμενα^	ταραττόμενα	VERB	Case=Acc|Gender=Neut|Number=Plur|Tense=Pres|VerbForm=Part|Voice=Mid
1	τεθυμωμένους	τεθυμάομαι	VERB	Aspect=Perf|Case=Acc|Gender=Masc|Number=Plur|Tense=Past|VerbForm=Part|Voice=Mid
1	τεθωρακισμένοι	τεθωρακισμένυς	ADJ	Case=Nom|Gender=Masc|Number=Plur
1	τεθωρακισμένους	τεθωρακισμένους	ADJ	Case=Acc|Gender=Masc|Number=Plur
1	τεταριχευμένα^	τεταριχευμένα	VERB	Aspect=Perf|Case=Nom|Gender=Neut|Number=Plur|Tense=Past|VerbForm=Part|Voice=Mid
1	τετρα^κισχίλιοι	τετρακισχίλιοι	ADJ	Case=Nom|Gender=Masc|Number=Plur
1	τετρα^μοιρία	τετραμοιρία	NOUN	Case=Nom|Gender=Fem|Number=Sing
1	τετρακοσία	τετρακοσίοι	ADJ	Case=Nom|Gender=Fem|Number=Sing
1	τετραμοιρίαν	τετραμοιρία	NOUN	Case=Acc|Gender=Fem|Number=Sing
1	τι^νάς	τὶς	PRON	Case=Acc|Gender=Masc|Number=Plur
1	τιάραν	τιάρα	NOUN	Case=Acc|Gender=Fem|Number=Sing
1	τιαροειδῆ	τιαροειδής	ADJ	Case=Acc|Gender=Neut|Number=Plur
1	τιμωμένους	τιμάομαι	VERB	Case=Acc|Gender=Masc|Number=Plur|Tense=Pres|VerbForm=Part|Voice=Mid
1	τιμωρησόμενοι	τιμωρέω	VERB	Case=Nom|Gender=Masc|Number=Plur|Tense=Fut|VerbForm=Part|Voice=Mid
1	τισί^ν	τὶς	ADJ	Case=Dat|Gender=Masc|Number=Plur
1	τισὶ^ν	τὶς	NOUN	Case=Dat|Gender=Neut|Number=Plur
1	τουτουὶ	τουτουὶ	ADJ	Case=Gen|Gender=Masc|Number=Sing
1	τοὐλάχιστον	τοὐλάχιστον	ADV	
1	τραχήλοις	τραχήλοις	NOUN	Case=Dat|Gender=Masc|Number=Plur
1	τριηριτῶν	τριηριτῶν	NOUN	Case=Gen|Gender=Neut|Number=Plur
1	τριπήχη	τριπήχη	ADJ	Case=Dat|Gender=Fem|Number=Sing
1	τριπλασίαν	τριπλασῖος	ADJ	Case=Acc|Gender=Fem|Number=Sing
1	τρισμύρια^	τρισμύριος	ADJ	Case=Nom|Gender=Neut|Number=Plur
1	τριχῇ	τριχῆ	ADV	
1	τύρσιος	τύρσις	NOUN	Case=Gen|Gender=Fem|Number=Sing
1	τἀγαθὰ^	τἀγαθός	ADJ	Case=Nom|Gender=Neut|Number=Plur
1	φήνασι^	φήνασι	NOUN	Case=Dat|Gender=Masc|Number=Plur
1	φανέντας	φανέντας	VERB	Case=Acc|Gender=Masc|Number=Plur|Tense=Past|VerbForm=Part|Voice=Pass
1	φανερὰ	φανερός	ADJ	Case=Nom|Gender=Fem|Number=Sing
1	φανερὰ^	φανερός	ADJ	Case=Nom|Gender=Neut|Number=Plur
1	φαρμακοποσία_ς	φαρμακοποσία	NOUN	Case=Gen|Gender=Fem|Number=Sing
1	φθάσαντα^ς	φθάδω	VERB	Case=Acc|Gender=Masc|Number=Plur|Tense=Past|VerbForm=Part|Voice=Act
1	φι^λονι_κία	φιλονικία	NOUN	Case=Nom|Gender=Fem|Number=Sing
1	φι^λοστρα^τιώτης	φιλοστρατιώτης	NOUN	Case=Nom|Gender=Masc|Number=Sing
1	φιλικὰ^	φιλικός	ADJ	Case=Acc|Gender=Neut|Number=Plur
1	φιλιππότατος	φιλιππότατος	NOUN	Case=Nom|Gender=Masc|Number=Sing
1	φιλοθηρότατος	φιλοθηρότατος	ADJ	Case=Nom|Gender=Masc|Number=Sing
1	φιλοκερδούντων	φιλοκερδέω	VERB	Case=Gen|Gender=Masc|Number=Plur|Tense=Pres|VerbForm=Part|Voice=Act
1	φιλομαθέστατον	φιλομαθής	ADJ	Case=Acc|Degree=Sup|Gender=Masc|Number=Sing
1	φιλοπολέμου	φιλοπολέμου	ADJ	Case=Gen|Gender=Masc|Number=Sing
1	φιλοστρατιώτην	φιλοστρατιώτης	NOUN	Case=Acc|Gender=Masc|Number=Sing
1	φιλοτιμηθέντες	φιλοτιμέω	VERB	Case=Nom|Gender=Masc|Number=Plur|Tense=Past|VerbForm=Part|Voice=Pass
1	φιλοφρονούμενός	φιλοφρονούμενός	VERB	Case=Nom|Gender=Masc|Number=Sing|Tense=Pres|VerbForm=Part|Voice=Mid
1	φλυαρία_ς	φλυαρία	NOUN	Case=Gen|Gender=Fem|Number=Sing
1	φλυαρεῖν	φλυαρέω	VERB	Tense=Pres|VerbForm=Inf|Voice=Act
1	φλυαροίη	φλυαροίη	VERB	Mood=Sub|Number=Sing|Person=3|Tense=Pres|VerbForm=Fin|Voice=Act
1	φοβηθέντας	φοβηθέντας	VERB	Case=Acc|Gender=Masc|Number=Plur|Tense=Past|VerbForm=Part|Voice=Pass
1	φοινικιστὴν	φοινικιστὴς	NOUN	Case=Acc|Gender=Masc|Number=Sing
1	φοινικοῦς	φοινικοῦς	NOUN	Case=Gen|Gender=Masc|Number=Sing
1	φρέατος	φρέαρ	NOUN	Case=Gen|Gender=Neut|Number=Sing
1	φυγά^δα^	φυγάς	NOUN	Case=Acc|Gender=Masc|Number=Sing
1	φυλάττοιεν	φυλάττω	VERB	Mood=Opt|Number=Plur|Person=3|Tense=Pres|VerbForm=Fin|Voice=Act
1	φυλάττοιμεν	φυλάττω	VERB	Mood=Opt|Number=Plur|Person=1|Tense=Pres|VerbForm=Fin|Voice=Act
1	φυλάττουσι^	φυλάσσω	VERB	Mood=Ind|Number=Plur|Person=3|Tense=Pres|VerbForm=Fin|Voice=Act
1	φυλάττουσι^ν	φυλάττω	VERB	Mood=Ind|Number=Plur|Person=3|Tense=Pres|VerbForm=Fin|Voice=Act
1	φυλάττωμεν	φυλάττωμεν	VERB	Mood=Sub|Number=Plur|Person=1|Tense=Pres|VerbForm=Fin|Voice=Act
1	φυλακήν	φυλακή	NOUN	Case=Acc|Gender=Fem|Number=Sing
1	φυλαξαμένους	φυλανξάναμαι	VERB	Aspect=Perf|Case=Acc|Gender=Masc|Number=Plur|Tense=Past|VerbForm=Part|Voice=Mid
1	φυλαττομένων	φυλάσσω	VERB	Case=Gen|Gender=Masc|Number=Plur|Tense=Pres|VerbForm=Part|Voice=Mid
1	φυλαττόμενον	φυλαττόμενον	VERB	Case=Acc|Gender=Masc|Number=Sing|Tense=Pres|VerbForm=Part|Voice=Mid
1	φυσηθέντα^	φυσηθέντα	VERB	Case=Acc|Gender=Neut|Number=Plur|Tense=Past|VerbForm=Part|Voice=Pass
1	χα^ράκωμα^	χαράκωμα	NOUN	Case=Acc|Gender=Neut|Number=Sing
1	χαλεπαίνοντες	χαλεπαίνω	VERB	Case=Nom|Gender=Masc|Number=Plur|Tense=Pres|VerbForm=Part|Voice=Act
1	χαλινῶσαι	χαλινῶζω	VERB	Tense=Past|VerbForm=Inf|Voice=Act
1	χαλκώμασι^	χαλκώμασι	NOUN	Case=Dat|Gender=Neut|Number=Plur
1	χι_λίων	χίλιοι	NUM	Case=Gen|Gender=Neut|Number=Plur
1	χιλοῦ	χιλόν	NOUN	Case=Gen|Gender=Neut|Number=Sing
1	χιτωνί^σκους	χιτωνίσκους	NOUN	Case=Acc|Gender=Masc|Number=Plur
1	χρηματιστι^κὸν	χρηματιστικός	ADJ	Case=Acc|Gender=Masc|Number=Sing
1	ψευδενέδραν	ψευδενέδρα	NOUN	Case=Acc|Gender=Fem|Number=Sing
1	ψιλουμένους	ψιλόω	VERB	Case=Acc|Gender=Masc|Number=Plur|Tense=Pres|VerbForm=Part|Voice=Mid
1	ἀ^νάλωτον	ἀνάλωτος	ADJ	Case=Acc|Gender=Neut|Number=Sing
1	ἀ^ναβαίνοντα^ς	ἀναβαίνω	VERB	Case=Acc|Gender=Masc|Number=Plur|Tense=Pres|VerbForm=Part|Voice=Act
1	ἀ^ναλεγόμενον	ἀναλέγω	VERB	Case=Acc|Gender=Masc|Number=Sing|Tense=Pres|VerbForm=Part|Voice=Mid
1	ἀ^ναρπάσαντες	ἀναρπάζω	VERB	Case=Nom|Gender=Masc|Number=Plur|Tense=Past|VerbForm=Part|Voice=Act
1	ἀ^ναστρέψας	ἀναστρέπω	VERB	Case=Nom|Gender=Masc|Number=Sing|Tense=Past|VerbForm=Part|Voice=Act
1	ἀ^νεπύθοντο	ἀνπυνθάνομαι	VERB	Mood=Ind|Number=Plur|Person=3|Tense=Past|VerbForm=Fin|Voice=Mid
1	ἀ^νιάσεται	ἀνιάσω	VERB	Mood=Ind|Number=Sing|Person=3|Tense=Fut|VerbForm=Fin|Voice=Mid
1	ἀ^πήγαγεν	ἀπάγω	VERB	Mood=Ind|Number=Sing|Person=3|Tense=Past|VerbForm=Fin|Voice=Act
1	ἀ^παγορευόντων	ἀπαγορεύω	VERB	Case=Gen|Gender=Masc|Number=Plur|Tense=Pres|VerbForm=Part|Voice=Act
1	ἀ^παγορεύουσι^	ἀπαγορεύω	VERB	Mood=Ind|Number=Plur|Person=3|Tense=Pres|VerbForm=Fin|Voice=Act
1	ἀ^πορίᾳ	ἀπορία	NOUN	Case=Nom|Gender=Fem|Number=Sing
1	ἀγένειος	ἀγένειος	ADJ	Case=Nom|Gender=Masc|Number=Sing
1	ἀγα^πῶντες	ἀγαπάω	VERB	Case=Nom|Gender=Masc|Number=Plur|Tense=Pres|VerbForm=Part|Voice=Act
1	ἀγαπώμενοι	ἀγαπάω	VERB	Case=Nom|Gender=Masc|Number=Plur|Tense=Pres|VerbForm=Part|Voice=Pass
1	ἀγαστὰ^	ἀγαστός	ADJ	Case=Nom|Gender=Neut|Number=Plur
1	ἀγνωμοσύνα_ς	ἀγνωμοσύνα	NOUN	Case=Acc|Gender=Fem|Number=Plur
1	ἀγοράσαντές	ἀγοράσαντές	VERB	Case=Nom|Gender=Masc|Number=Plur|Tense=Past|VerbForm=Part|Voice=Act
1	ἀγορα_νόμοι	ἀγορανόμος	ADJ	Case=Nom|Gender=Masc|Number=Plur
1	ἀγορα_νόμον	ἀγορανόμος	NOUN	Case=Acc|Gender=Masc|Number=Sing
1	ἀγορα_νόμος	ἀγορανόμος	NOUN	Case=Nom|Gender=Masc|Number=Sing
1	ἀγορα_νόμους	ἀγορανόμος	ADJ	Case=Acc|Gender=Masc|Number=Plur
1	ἀγωνί^ζονται	ἀγωνίζομαι	VERB	Mood=Ind|Number=Plur|Person=3|Tense=Pres|VerbForm=Fin|Voice=Mid
1	ἀγωνι^εῖσθαι	ἀγωνιέω	VERB	Tense=Pres|VerbForm=Inf|Voice=Mid
1	ἀγωνι^ζοίμεθα^	ἀγωνιζοίμεθα;	VERB	Mood=Sub|Number=Plur|Person=1|Tense=Pres|VerbForm=Fin|Voice=Mid
1	ἀγωνι^οῦνται	ἀγωνιοῦ	VERB	Mood=Sub|Number=Plur|Person=3|Tense=Pres|VerbForm=Fin|Voice=Mid
1	ἀγωνοθέται	ἀγωνοθέτης	NOUN	Case=Nom|Gender=Masc|Number=Plur
1	ἀγώγιμα^	ἀγώγιμος	ADJ	Case=Acc|Gender=Neut|Number=Plur
1	ἀδι^ά^βα^τοι	ἀδιάβατος	ADJ	Case=Nom|Gender=Masc|Number=Plur
1	ἀδι^α^βά^των	ἀδιαβάτων	ADJ	Case=Gen|Gender=Masc|Number=Plur
1	ἀδι^κήσειν	ἀδικέω	VERB	Tense=Fut|VerbForm=Inf|Voice=Act
1	ἀδι^κηθείς	ἀδικέω	VERB	Case=Nom|Gender=Masc|Number=Sing|Tense=Past|VerbForm=Part|Voice=Pass
1	ἀδι^κηθεὶς	ἀδικέω	VERB	Case=Nom|Gender=Masc|Number=Sing|Tense=Past|VerbForm=Part|Voice=Pass
1	ἀδι^κησά^ντων	ἀδικέω	VERB	Case=Gen|Gender=Masc|Number=Plur|Tense=Past|VerbForm=Part|Voice=Act
1	ἀδι^κουμένους	ἀδικέω	VERB	Case=Acc|Gender=Masc|Number=Plur|Tense=Pres|VerbForm=Part|Voice=Mid
1	ἀδι^κούμενος	ἀδικέω	VERB	Case=Nom|Gender=Masc|Number=Sing|Tense=Pres|VerbForm=Part|Voice=Mid
1	ἀδικήσαντι^	ἀδικέω	VERB	Case=Dat|Gender=Masc|Number=Sing|Tense=Past|VerbForm=Part|Voice=Act
1	ἀδικοῦντά^	ἀδικοῦντά	VERB	Case=Acc|Gender=Masc|Number=Sing|Tense=Pres|VerbForm=Part|Voice=Act
1	ἀδικοῦντι^	ἀδικέω	VERB	Case=Dat|Gender=Masc|Number=Sing|Tense=Pres|VerbForm=Part|Voice=Act
1	ἀδικώτατα^	ἀδικώς	ADJ	Case=Acc|Degree=Sup|Gender=Neut|Number=Plur
1	ἀθεωτά^τῳ	ἀθεός	ADJ	Case=Dat|Degree=Sup|Gender=Masc|Number=Sing
1	ἀθυ_μητέον	ἀθυμητέον	ADJ	Case=Nom|Gender=Neut|Number=Sing
1	ἀθυμότεροι	ἀθυμός	ADJ	Case=Nom|Degree=Cmp|Gender=Masc|Number=Plur
1	ἀθυμότερος	ἀθυμότερος	ADJ	Case=Nom|Gender=Masc|Number=Sing
1	ἀθύ^μους	ἀθύμος	ADJ	Case=Acc|Gender=Masc|Number=Plur
1	ἀκήρυκτον	ἀκήρυκτος	ADJ	Case=Acc|Gender=Masc|Number=Sing
1	ἀκαύστους	ἀκαύστους	ADJ	Case=Acc|Gender=Fem|Number=Plur
1	ἀκεραίους	ἀκέραιος	ADJ	Case=Acc|Gender=Masc|Number=Plur
1	ἀκινδυνότατον	ἀκινδυνός	ADJ	Case=Acc|Degree=Sup|Gender=Neut|Number=Sing
1	ἀκινδύνως	ἀκίνδυνος	ADV	
1	ἀκολά^στου	ἀκολάστου	ADJ	Case=Gen|Gender=Neut|Number=Sing
1	ἀκοντί^οις	ἀκοντίοις	NOUN	Case=Dat|Gender=Neut|Number=Plur
1	ἀκοντίσεως	ἀκοντίσεως	NOUN	Case=Gen|Gender=Fem|Number=Sing
1	ἀκοντιστὴν	ἀκοντιστὴς	NOUN	Case=Acc|Gender=Masc|Number=Sing
1	ἀλέτας	ἀλέτας	ADJ	Case=Acc|Gender=Masc|Number=Plur
1	ἀλεεινὸν	ἀλεεινὸς	ADJ	Case=Nom|Gender=Neut|Number=Sing
1	ἀληθεύσειν	ἀληθέω	VERB	Tense=Fut|VerbForm=Inf|Voice=Act
1	ἀληθεύσῃς	ἀληθεύω	VERB	Mood=Sub|Number=Sing|Person=2|Tense=Past|VerbForm=Fin|Voice=Act
1	ἀληθεῦσαι	ἀληθεύω	VERB	Tense=Past|VerbForm=Inf|Voice=Act
1	ἀλωπεκᾶς	ἀλωπεκᾶι	NOUN	Case=Acc|Gender=Fem|Number=Plur
1	ἀλόγιστοι	ἀλόγιστος	ADJ	Case=Nom|Gender=Masc|Number=Plur
1	ἀμα^χητὶ	ἀμαχητί	ADV	
1	ἀμελήσα_ς	ἀμελέω	VERB	Case=Nom|Gender=Masc|Number=Sing|Tense=Past|VerbForm=Part|Voice=Act
1	ἀμελήσαντες	ἀμελέω	VERB	Case=Nom|Gender=Masc|Number=Plur|Tense=Past|VerbForm=Part|Voice=Act
1	ἀμελεῖν	ἀμελέω	VERB	Tense=Pres|VerbForm=Inf|Voice=Act
1	ἀμηχά^νων	ἀμήχανος	ADJ	Case=Gen|Gender=Masc|Number=Plur
1	ἀμυγδάλι^νον	ἀμυγδάλινος	ADJ	Case=Acc|Gender=Neut|Number=Sing
1	ἀμφιλεξάντων	ἀμφιλεξάντων	VERB	Case=Gen|Gender=Masc|Number=Plur|Tense=Past|VerbForm=Part|Voice=Act
1	ἀνά^νδροις	ἀνάνδροις	ADJ	Case=Dat|Gender=Masc|Number=Plur
1	ἀνάβα^σι^ς	ἀνάβασις	NOUN	Case=Nom|Gender=Fem|Number=Sing
1	ἀνάβασι^ν	ἀνάβασις	NOUN	Case=Acc|Gender=Fem|Number=Sing
1	ἀνάσχησθε	ἀνάσχησθε	VERB	Mood=Sub|Number=Plur|Person=2|Tense=Past|VerbForm=Fin|Voice=Mid
1	ἀνέκαυσα^ν	ἀνέκαυσαν	VERB	Mood=Ind|Number=Plur|Person=3|Tense=Past|VerbForm=Fin|Voice=Act
1	ἀνέλαμψεν	ἀνέλαμψεν	VERB	Aspect=Perf|Mood=Ind|Number=Sing|Person=3|Tense=Past|VerbForm=Fin|Voice=Act
1	ἀνέστελλον	ἀνέστελλον	VERB	Mood=Ind|Number=Plur|Person=3|Tense=Past|VerbForm=Fin|Voice=Act
1	ἀνέφυγον	ἀναφεύγω	VERB	Mood=Ind|Number=Plur|Person=3|Tense=Past|VerbForm=Fin|Voice=Act
1	ἀνέχαζεν	ἀνέχαζεν	VERB	Aspect=Imp|Mood=Ind|Number=Sing|Person=3|Tense=Past|VerbForm=Fin|Voice=Act
1	ἀνίμων	ἀνίμων	VERB	Case=Nom|Gender=Masc|Number=Sing|Tense=Pres|VerbForm=Part|Voice=Act
1	ἀνα^βοώντων	ἀναβοάω	VERB	Case=Gen|Gender=Masc|Number=Plur|Tense=Pres|VerbForm=Part|Voice=Act
1	ἀνα^θεῖναι	ἀνατίθημι	VERB	Tense=Past|VerbForm=Inf|Voice=Act
1	ἀνα^ξυ^ρί^δα^ς	ἀναξυρίδες	NOUN	Case=Acc|Gender=Fem|Number=Plur
1	ἀνα^τί^θεσθε	ἀνατίθεσθε	VERB	Mood=Imp|Number=Plur|Person=2|Tense=Pres|VerbForm=Fin|Voice=Mid
1	ἀνα^τί^θησι^ν	ἀνατίθημι	VERB	Mood=Ind|Number=Sing|Person=3|Tense=Pres|VerbForm=Fin|Voice=Act
1	ἀναβολῆς	ἀναβολή	NOUN	Case=Gen|Gender=Fem|Number=Sing
1	ἀναγκαῖα^	ἀναγκαῖος	ADJ	Case=Acc|Gender=Neut|Number=Plur
1	ἀναγόμενοι	ἀναγόμενοι	VERB	Case=Nom|Gender=Masc|Number=Plur|Tense=Pres|VerbForm=Part|Voice=Mid
1	ἀναθέντας	ἀναθέντας	VERB	Case=Acc|Gender=Masc|Number=Plur|Tense=Past|VerbForm=Part|Voice=Act
1	ἀναθρέψαντι^	ἀναθρέψαντι	VERB	Case=Dat|Gender=Masc|Number=Sing|Tense=Past|VerbForm=Part|Voice=Act
1	ἀνακαλεσάμενοι	ἀνακαλεσάμενοι	VERB	Case=Nom|Gender=Masc|Number=Plur|Tense=Past|VerbForm=Part|Voice=Mid
1	ἀνακαλοῦντες	ἀνακαλέω	VERB	Case=Nom|Gender=Masc|Number=Plur|Tense=Pres|VerbForm=Part|Voice=Act
1	ἀνακοινοῦται	ἀνακοινόω	VERB	Mood=Ind|Number=Sing|Person=3|Tense=Pres|VerbForm=Fin|Voice=Mid
1	ἀναμένειν	ἀναμένω	VERB	Tense=Pres|VerbForm=Inf|Voice=Act
1	ἀναμένετε	ἀναμένω	VERB	Mood=Imp|Number=Plur|Person=2|Tense=Pres|VerbForm=Fin|Voice=Act
1	ἀναμένωμεν	ἀναμένω	VERB	Mood=Sub|Number=Plur|Person=1|Tense=Pres|VerbForm=Fin|Voice=Act
1	ἀναμένων	ἀναμένων	VERB	Case=Nom|Gender=Masc|Number=Sing|Tense=Pres|VerbForm=Part|Voice=Act
1	ἀναμείνω	ἀναμείνω;	VERB	Mood=Sub|Number=Sing|Person=1|Tense=Pres|VerbForm=Fin|Voice=Act
1	ἀναμεμιγμένοι	ἀναμίγνυμι	VERB	Aspect=Perf|Case=Nom|Gender=Masc|Number=Plur|Tense=Past|VerbForm=Part|Voice=Mid
1	ἀναμενοῦμεν	ἀναμενοῦ	VERB	Mood=Ind|Number=Plur|Person=1|Tense=Pres|VerbForm=Fin|Voice=Act
1	ἀναμιμνῄσκεσθε	ἀναμιμνῄσκω	VERB	Mood=Imp|Number=Plur|Person=2|Tense=Pres|VerbForm=Fin|Voice=Mid
1	ἀναμνησθέντας	ἀναμιμνῄσκω	VERB	Case=Acc|Gender=Masc|Number=Plur|Tense=Past|VerbForm=Part|Voice=Pass
1	ἀναξόμενοι	ἀναξόμενοι	VERB	Case=Nom|Gender=Masc|Number=Plur|Tense=Fut|VerbForm=Part|Voice=Mid
1	ἀναπαυομένοις	ἀναπαύομαι	VERB	Case=Dat|Gender=Masc|Number=Plur|Tense=Pres|VerbForm=Part|Voice=Mid
1	ἀναπαυόμενοι	ἀναπαύω	VERB	Case=Nom|Gender=Masc|Number=Plur|Tense=Pres|VerbForm=Part|Voice=Mid
1	ἀναπαυόμενον	ἀναπαυόμενον	VERB	Case=Acc|Gender=Neut|Number=Sing|Tense=Pres|VerbForm=Part|Voice=Mid
1	ἀναπαύεσθαί	ἀναπαύω	VERB	Tense=Pres|VerbForm=Inf|Voice=Mid
1	ἀναπαύοιτο	ἀναπαύω	VERB	Mood=Opt|Number=Sing|Person=3|Tense=Pres|VerbForm=Fin|Voice=Mid
1	ἀναπαύσα^σθε	ἀναπαύω	VERB	Mood=Imp|Number=Plur|Person=2|Tense=Past|VerbForm=Fin|Voice=Mid
1	ἀναπαύσαιντο	ἀναπαύσαιντο	VERB	Mood=Opt|Number=Plur|Person=3|Tense=Pres|VerbForm=Fin|Voice=Mid
1	ἀναπείθειν	ἀναπείθω	VERB	Tense=Pres|VerbForm=Inf|Voice=Act
1	ἀναπεπεικὼς	ἀναπεπεικὼς	VERB	Aspect=Perf|Case=Nom|Gender=Masc|Number=Sing|Tense=Past|VerbForm=Part|Voice=Act
1	ἀναπεταννύασι^	ἀναπεταννύασι	VERB	Mood=Ind|Number=Plur|Person=3|Tense=Pres|VerbForm=Fin|Voice=Act
1	ἀναπηδήσαντες	ἀναπηδάω	VERB	Case=Nom|Gender=Masc|Number=Plur|Tense=Past|VerbForm=Part|Voice=Act
1	ἀναπνεῦσαι	ἀναπνεύω	VERB	Tense=Past|VerbForm=Inf|Voice=Act
1	ἀναπράξωσι^ν	ἀναπράξωσιν	VERB	Mood=Sub|Number=Plur|Person=3|Tense=Past|VerbForm=Fin|Voice=Act
1	ἀναπρᾶξαι	ἀναπρᾶσσω	VERB	Tense=Past|VerbForm=Inf|Voice=Act
1	ἀναπτύ^σσειν	ἀναπτύσσω	VERB	Tense=Pres|VerbForm=Inf|Voice=Act
1	ἀναρί^στους	ἀναρίστους	ADJ	Case=Acc|Degree=Cmp|Gender=Masc|Number=Plur
1	ἀναρχίᾳ	ἀναρχία	NOUN	Case=Dat|Gender=Fem|Number=Sing
1	ἀναστήσα^ντα^ς	ἀναστάω	VERB	Case=Acc|Gender=Masc|Number=Plur|Tense=Past|VerbForm=Part|Voice=Act
1	ἀναστρέφει	ἀναστρέφω	VERB	Mood=Ind|Number=Sing|Person=3|Tense=Pres|VerbForm=Fin|Voice=Act
1	ἀναστρέφοιο	ἀναστρέφομαι	VERB	Mood=Opt|Number=Sing|Person=2|Tense=Pres|VerbForm=Fin|Voice=Mid
1	ἀναστρέψαντα^ς	ἀναστρέπω	VERB	Case=Acc|Gender=Masc|Number=Plur|Tense=Past|VerbForm=Part|Voice=Act
1	ἀναστρέψωσι^ν	ἀναστρέψνω	VERB	Mood=Sub|Number=Plur|Person=3|Tense=Past|VerbForm=Fin|Voice=Act
1	ἀνατέλλοντι^	ἀνατέλλω	VERB	Case=Dat|Gender=Masc|Number=Sing|Tense=Pres|VerbForm=Part|Voice=Act
1	ἀνατεθαρρήκασι^ν	ἀνατεθαρρήκασιν	VERB	Aspect=Perf|Mood=Ind|Number=Plur|Person=3|Tense=Past|VerbForm=Fin|Voice=Act
1	ἀνατεταραγμένον	ἀνατεταραγμένον	VERB	Aspect=Perf|Case=Acc|Gender=Neut|Number=Sing|Tense=Past|VerbForm=Part|Voice=Pass
1	ἀναχάζοντες	ἀναχάζω	VERB	Case=Nom|Gender=Masc|Number=Plur|Tense=Pres|VerbForm=Part|Voice=Act
1	ἀναχωρίσας	ἀναχωρίζω	VERB	Case=Nom|Gender=Masc|Number=Sing|Tense=Past|VerbForm=Part|Voice=Act
1	ἀνδραγαθία_ς	ἀνδραγαθία	NOUN	Case=Gen|Gender=Fem|Number=Sing
1	ἀνεβίβαζεν	ἀνεβίβαζεν	VERB	Aspect=Imp|Mood=Ind|Number=Sing|Person=3|Tense=Past|VerbForm=Fin|Voice=Act
1	ἀνεβεβήκει	ἀνεβαίνω	VERB	Mood=Ind|Number=Sing|Person=3|Tense=Pqp|VerbForm=Fin|Voice=Act
1	ἀνεκεκοίνωντο	ἀνεκεκοίνωντο	VERB	Mood=Ind|Number=Plur|Person=3|Tense=Pqp|VerbForm=Fin|Voice=Mid
1	ἀνεμίμνῃσκον	ἀνεμίμνῃσκον	VERB	Aspect=Imp|Mood=Ind|Number=Plur|Person=3|Tense=Past|VerbForm=Fin|Voice=Act
1	ἀνεμιμνῄσκετο	ἀνεμιμνῄσκετο	VERB	Aspect=Imp|Mood=Ind|Number=Sing|Person=3|Tense=Past|VerbForm=Fin|Voice=Mid
1	ἀνεπιλήπτως	ἀνεπιλήπτως	ADV	
1	ἀνεπυνθάνοντο	ἀνιπυνθάνω	VERB	Aspect=Imp|Mood=Ind|Number=Plur|Person=3|Tense=Past|VerbForm=Fin|Voice=Mid
1	ἀνεσκεύα^σα^ν	ἀνασκευάζω	VERB	Mood=Ind|Number=Plur|Person=3|Tense=Past|VerbForm=Fin|Voice=Act
1	ἀνεσταύρωσεν	ἀνεσταύρωσεν	VERB	Aspect=Perf|Mood=Ind|Number=Sing|Person=3|Tense=Past|VerbForm=Fin|Voice=Act
1	ἀνεστράφησα^ν	ἀνεστράφησαν	VERB	Mood=Ind|Number=Plur|Person=3|Tense=Past|VerbForm=Fin|Voice=Pass
1	ἀνετί^θεσα^ν	ἀνετίθεσαν	VERB	Aspect=Imp|Mood=Ind|Number=Plur|Person=3|Tense=Past|VerbForm=Fin|Voice=Act
1	ἀνεφρόνουν	ἀνεφρόνουν	VERB	Aspect=Imp|Mood=Ind|Number=Plur|Person=3|Tense=Past|VerbForm=Fin|Voice=Act
1	ἀνηγμένοι	ἀνηγμένοι	VERB	Aspect=Perf|Case=Nom|Gender=Masc|Number=Plur|Tense=Past|VerbForm=Part|Voice=Mid
1	ἀνηλάλαζον	ἀνηλάλαζον	VERB	Aspect=Imp|Mood=Ind|Number=Plur|Person=3|Tense=Past|VerbForm=Fin|Voice=Act
1	ἀνηρπακότες	ἀνηρπακότες	VERB	Aspect=Perf|Case=Nom|Gender=Masc|Number=Plur|Tense=Past|VerbForm=Part|Voice=Act
1	ἀνηρώτα_	ἀνηρωτάω	NOUN	Case=Acc|Gender=Masc|Number=Sing
1	ἀνηρώτων	ἀνηρώτων	VERB	Case=Nom|Gender=Masc|Number=Sing|Tense=Pres|VerbForm=Part|Voice=Act
1	ἀνθέμια^	ἀνθέμιον	NOUN	Case=Acc|Gender=Neut|Number=Plur
1	ἀνιάσουσι^ν	ἀνιάω	VERB	Mood=Ind|Number=Plur|Person=3|Tense=Fut|VerbForm=Fin|Voice=Act
1	ἀνιώμενος	ἀνιάω	VERB	Case=Nom|Gender=Masc|Number=Sing|Tense=Pres|VerbForm=Part|Voice=Mid
1	ἀνομία_ς	ἀνομία	NOUN	Case=Acc|Gender=Fem|Number=Plur
1	ἀνομίαν	ἀνομία	NOUN	Case=Acc|Gender=Fem|Number=Sing
1	ἀντάκουσον	ἀντακούω	VERB	Aspect=Perf|Mood=Imp|Number=Sing|Person=2|Tense=Past|VerbForm=Fin|Voice=Act
1	ἀντίπορον	ἀντίπορος	ADJ	Case=Acc|Gender=Masc|Number=Sing
1	ἀνταγοράζοντες	ἀνταγοράζω	VERB	Case=Nom|Gender=Masc|Number=Plur|Tense=Pres|VerbForm=Part|Voice=Act
1	ἀντεπιμελεῖται	ἀντεπιμελέω	VERB	Mood=Ind|Number=Sing|Person=3|Tense=Pres|VerbForm=Fin|Voice=Mid
1	ἀντετιμῶμεν	ἀντετιμῶμεν	VERB	Aspect=Imp|Mood=Ind|Number=Plur|Person=1|Tense=Past|VerbForm=Fin|Voice=Act
1	ἀντιλέγει	ἀντιλέγω	VERB	Mood=Ind|Number=Sing|Person=3|Tense=Pres|VerbForm=Fin|Voice=Act
1	ἀντιλεγόντων	ἀντιλέγω	VERB	Case=Gen|Gender=Masc|Number=Plur|Tense=Pres|VerbForm=Part|Voice=Act
1	ἀντιπέρα_ν	ἀντιπέραν	ADV	
1	ἀντιπέρα_ς	ἀντιπέρας	ADP	
1	ἀντιπαραθέοντες	ἀντιπαραθέω	VERB	Case=Nom|Gender=Masc|Number=Plur|Tense=Pres|VerbForm=Part|Voice=Act
1	ἀντιπαρεσκευάζετο	ἀντιπαρεσκευάζετο	VERB	Aspect=Imp|Mood=Ind|Number=Sing|Person=3|Tense=Past|VerbForm=Fin|Voice=Mid
1	ἀντιπαρῇσαν	ἀντιπαρῇσαν	VERB	Aspect=Perf|Mood=Ind|Number=Plur|Person=3|Tense=Past|VerbForm=Fin|Voice=Act
1	ἀντιστασιάζων	ἀντιστασιάζω	VERB	Case=Nom|Gender=Masc|Number=Sing|Tense=Pres|VerbForm=Part|Voice=Act
1	ἀντιστασιώτα_ς	ἀντιστασιώτης	NOUN	Case=Acc|Gender=Masc|Number=Plur
1	ἀντιτάξαι	ἀντιτάσσω	VERB	Tense=Past|VerbForm=Inf|Voice=Act
1	ἀντιταξάμενοι	ἀντιτάσσω	VERB	Case=Nom|Gender=Masc|Number=Plur|Tense=Past|VerbForm=Part|Voice=Mid
1	ἀντιταττομένων	ἀντιτάττω	VERB	Case=Gen|Gender=Masc|Number=Plur|Tense=Pres|VerbForm=Part|Voice=Mid
1	ἀντιταχθέντες	ἀντιτάσσω	VERB	Case=Nom|Gender=Masc|Number=Plur|Tense=Past|VerbForm=Part|Voice=Pass
1	ἀντιτετάχαται	ἀντιτετάχω	VERB	Aspect=Perf|Mood=Ind|Number=Plur|Person=3|Tense=Past|VerbForm=Fin|Voice=Mid
1	ἀντιτεταγμένοι	ἀντιτάσσω	VERB	Aspect=Perf|Case=Nom|Gender=Masc|Number=Plur|Tense=Past|VerbForm=Part|Voice=Mid
1	ἀντιτοξεύειν	ἀντιτοξεύω	VERB	Tense=Pres|VerbForm=Inf|Voice=Act
1	ἀντιτοξεύοντές	ἀντιτοξεύοντές	VERB	Case=Nom|Gender=Masc|Number=Plur|Tense=Pres|VerbForm=Part|Voice=Act
1	ἀντιφυλαττόμεθα^	ἀντιφυλαττόμεθα	VERB	Mood=Ind|Number=Plur|Person=1|Tense=Pres|VerbForm=Fin|Voice=Mid
1	ἀνωτάτω	ἄνω	ADJ	Case=Dat|Gender=Fem|Number=Sing
1	ἀνόδῳ	ἀνόδῳ	NOUN	Case=Dat|Gender=Fem|Number=Sing
1	ἀνόητος	ἀνόητος	ADJ	Case=Nom|Gender=Masc|Number=Sing
1	ἀνόμους	ἄνομος	ADJ	Case=Acc|Gender=Masc|Number=Plur
1	ἀνώγεων	ἀνώγεων	ADJ	Case=Gen|Gender=Neut|Number=Plur
1	ἀξίνῃ	ἀξίνη	NOUN	Case=Dat|Gender=Fem|Number=Sing
1	ἀξιοστρατηγότεροι	ἀξιοστρατηγότερος	ADJ	Case=Nom|Degree=Cmp|Gender=Masc|Number=Plur
1	ἀξιωτέρα_ς	ἀξιωτέρας	ADJ	Case=Gen|Degree=Cmp|Gender=Fem|Number=Sing
1	ἀπάξοντα^	ἀπάξοντα	VERB	Case=Nom|Gender=Neut|Number=Plur|Tense=Pres|VerbForm=Part|Voice=Act
1	ἀπέβησα^ν	ἀποβαίνω	VERB	Mood=Ind|Number=Plur|Person=3|Tense=Past|VerbForm=Fin|Voice=Act
1	ἀπέδειξα^	ἀποδείκνυμι	VERB	Aspect=Perf|Mood=Ind|Number=Sing|Person=1|Tense=Past|VerbForm=Fin|Voice=Act
1	ἀπέδειξα^ν	ἀποδείκνυμι	VERB	Mood=Ind|Number=Plur|Person=3|Tense=Past|VerbForm=Fin|Voice=Act
1	ἀπέδειξα^ς	ἀπέδειξας	VERB	Mood=Ind|Number=Sing|Person=2|Tense=Past|VerbForm=Fin|Voice=Act
1	ἀπέδειξε	ἀπέδειξε	VERB	Mood=Ind|Number=Sing|Person=3|Tense=Past|VerbForm=Fin|Voice=Act
1	ἀπέδωκά^	ἀπέδωκά	VERB	Aspect=Perf|Mood=Ind|Number=Sing|Person=1|Tense=Past|VerbForm=Fin|Voice=Act
1	ἀπέθα^νόν	ἀπέθανόν	VERB	Mood=Ind|Number=Plur|Person=3|Tense=Past|VerbForm=Fin|Voice=Act
1	ἀπέθνῃσκεν	ἀποθνῄσκω	VERB	Aspect=Imp|Mood=Ind|Number=Sing|Person=3|Tense=Past|VerbForm=Fin|Voice=Act
1	ἀπέθυσα^ν	ἀπέθυσαν	VERB	Mood=Ind|Number=Plur|Person=3|Tense=Past|VerbForm=Fin|Voice=Act
1	ἀπέκαμνεν	ἀπέκαμνεν	VERB	Mood=Ind|Number=Sing|Person=3|Tense=Past|VerbForm=Fin|Voice=Act
1	ἀπέκειντο	ἀπέκειμαι	VERB	Aspect=Imp|Mood=Ind|Number=Plur|Person=3|Tense=Past|VerbForm=Fin|Voice=Mid
1	ἀπέκλινε	ἀπακλίνω	VERB	Aspect=Imp|Mood=Ind|Number=Sing|Person=3|Tense=Past|VerbForm=Fin|Voice=Act
1	ἀπέκτονε	ἀπέκτονε	VERB	Aspect=Perf|Mood=Ind|Number=Sing|Person=3|Tense=Past|VerbForm=Fin|Voice=Act
1	ἀπέλιπεν	ἀπολείπω	VERB	Mood=Ind|Number=Sing|Person=3|Tense=Past|VerbForm=Fin|Voice=Act
1	ἀπέσπα	θύρα	VERB	Aspect=Imp|Mood=Ind|Number=Sing|Person=3|Tense=Past|VerbForm=Fin|Voice=Act
1	ἀπέσται	ἀίεπμι	VERB	Mood=Ind|Number=Sing|Person=3|Tense=Fut|VerbForm=Fin|Voice=Mid
1	ἀπέφευγον	ἀπέφευγον	VERB	Aspect=Imp|Mood=Ind|Number=Plur|Person=3|Tense=Past|VerbForm=Fin|Voice=Act
1	ἀπήρυξα^	ἀπήρυξα	VERB	Aspect=Perf|Mood=Ind|Number=Sing|Person=1|Tense=Past|VerbForm=Fin|Voice=Act
1	ἀπήχθημαί	ἀπήχθημαί	VERB	Aspect=Perf|Mood=Ind|Number=Sing|Person=1|Tense=Past|VerbForm=Fin|Voice=Mid
1	ἀπί^στων	ἄπιστος	ADJ	Case=Gen|Gender=Masc|Number=Plur
1	ἀπα^λλά^ξαιτε	ἀπαλλάξαιτε	VERB	Aspect=Perf|Mood=Opt|Number=Plur|Person=2|Tense=Past|VerbForm=Fin|Voice=Act
1	ἀπα^λλά^ξοιτο	ἀπαλλάξοιτο	VERB	Mood=Opt|Number=Sing|Person=3|Tense=Past|VerbForm=Fin|Voice=Mid
1	ἀπα^λλά^ξωμεν	ἀεπαλλάξω	VERB	Mood=Sub|Number=Plur|Person=1|Tense=Past|VerbForm=Fin|Voice=Act
1	ἀπα^λλα^γεὶς	ἀπαλλέγω	VERB	Case=Nom|Gender=Masc|Number=Sing|Tense=Past|VerbForm=Part|Voice=Pass
1	ἀπα^λλα^γῆναι	μίγνυἀπαλλα	VERB	Tense=Past|VerbForm=Inf|Voice=Pass
1	ἀπαγγελλόμενα^	ἀπαγγελλόμενα	VERB	Case=Acc|Gender=Neut|Number=Plur|Tense=Pres|VerbForm=Part|Voice=Pass
1	ἀπαγωγῆς	ἀπαγωγῆς;	NOUN	Case=Gen|Gender=Fem|Number=Sing
1	ἀπαιδεύτων	ἀπαίδευτος	ADJ	Case=Gen|Gender=Masc|Number=Plur
1	ἀπαρασκευαστοτέρῳ	ἀπαρασκευαστοτέρῳ	ADJ	Case=Dat|Degree=Cmp|Gender=Masc|Number=Sing
1	ἀπαρασκευότατον	ἄπαρασκευος	ADJ	Case=Acc|Degree=Sup|Gender=Masc|Number=Sing
1	ἀπαρασκεύους	ἀπαρασκεύους	ADJ	Case=Acc|Gender=Masc|Number=Plur
1	ἀπείρηκα^	ἀπείρηκα	VERB	Aspect=Perf|Mood=Ind|Number=Sing|Person=1|Tense=Past|VerbForm=Fin|Voice=Act
1	ἀπεβά^λετε	ἀπεβάλλω	VERB	Aspect=Perf|Mood=Ind|Number=Plur|Person=2|Tense=Past|VerbForm=Fin|Voice=Act
1	ἀπεγνωκέναι	ἀπεγνωκέναι	VERB	Aspect=Perf|Tense=Past|VerbForm=Inf|Voice=Act
1	ἀπεδήμησε	ἀποδημέω	VERB	Aspect=Perf|Mood=Ind|Number=Sing|Person=3|Tense=Past|VerbForm=Fin|Voice=Act
1	ἀπεδείκνυεν	ἀπεδείκνυεν	VERB	Aspect=Imp|Mood=Ind|Number=Sing|Person=3|Tense=Past|VerbForm=Fin|Voice=Act
1	ἀπεδείξα^ντο	ἀπεδείξαντο	VERB	Mood=Ind|Number=Plur|Person=3|Tense=Past|VerbForm=Fin|Voice=Mid
1	ἀπεδείχθη	ἀπεδείχθη	VERB	Mood=Ind|Number=Sing|Person=3|Tense=Past|VerbForm=Fin|Voice=Pass
1	ἀπεδεδρά^κει	ἀπεδεδράκει	VERB	Mood=Ind|Number=Sing|Person=3|Tense=Pqp|VerbForm=Fin|Voice=Act
1	ἀπεθα^νέτην	ἀπεθανέτην	VERB	Mood=Ind|Number=Dual|Person=3|Tense=Past|VerbForm=Fin|Voice=Act
1	ἀπειθῇ	ἀπειθέω	VERB	Mood=Sub|Number=Sing|Person=3|Tense=Pres|VerbForm=Fin|Voice=Act
1	ἀπειθῶν	ἀπειθέω	VERB	Case=Gen|Gender=Masc|Number=Plur|Tense=Pres|VerbForm=Part|Voice=Act
1	ἀπειπών	ἀπεείπω	VERB	Case=Nom|Gender=Masc|Number=Sing|Tense=Past|VerbForm=Part|Voice=Act
1	ἀπειρήκεσα^ν	ἀπειρήκεσαν	VERB	Mood=Ind|Number=Plur|Person=3|Tense=Pqp|VerbForm=Fin|Voice=Act
1	ἀπειρηκότας	ἀπειρηκότας	VERB	Aspect=Perf|Case=Acc|Gender=Masc|Number=Plur|Tense=Past|VerbForm=Part|Voice=Act
1	ἀπεκαίοντο	ἀπεκαίοντο	VERB	Aspect=Imp|Mood=Ind|Number=Plur|Person=3|Tense=Past|VerbForm=Fin|Voice=Mid
1	ἀπεκτίννυσα^ν	ἀπεκτίννυσαν	VERB	Mood=Ind|Number=Plur|Person=3|Tense=Past|VerbForm=Fin|Voice=Act
1	ἀπεκτείνα^μέν	ἀπεκτείναμέν	VERB	Aspect=Perf|Mood=Ind|Number=Plur|Person=1|Tense=Past|VerbForm=Fin|Voice=Act
1	ἀπεκτονώς	ἀπεκτονώς;	VERB	Aspect=Perf|Case=Nom|Gender=Masc|Number=Sing|Tense=Past|VerbForm=Part|Voice=Act
1	ἀπελογήσατο	ἀπελογέομαι	VERB	Mood=Ind|Number=Sing|Person=3|Tense=Past|VerbForm=Fin|Voice=Mid
1	ἀπεμάχοντο	ἀπομάχω	VERB	Aspect=Imp|Mood=Ind|Number=Plur|Person=3|Tense=Past|VerbForm=Fin|Voice=Mid
1	ἀπεπήδων	ἀπεπήδων	VERB	Aspect=Imp|Mood=Ind|Number=Plur|Person=3|Tense=Past|VerbForm=Fin|Voice=Act
1	ἀπεπορευόμην	ἀπεπορευόμην	VERB	Aspect=Imp|Mood=Ind|Number=Sing|Person=1|Tense=Past|VerbForm=Fin|Voice=Mid
1	ἀπεσκήνουν	ἀπεσκήνουν	VERB	Aspect=Imp|Mood=Ind|Number=Plur|Person=3|Tense=Past|VerbForm=Fin|Voice=Act
1	ἀπεσταύρωσα^ν	ἀπασταυρόω	VERB	Mood=Ind|Number=Plur|Person=3|Tense=Past|VerbForm=Fin|Voice=Act
1	ἀπεστερήκα^μεν	ἀπεστερήκαμεν	VERB	Aspect=Perf|Mood=Ind|Number=Plur|Person=1|Tense=Past|VerbForm=Fin|Voice=Act
1	ἀπεστρατοπεδεύοντο	ἀπαστρατοπεδεύομαι	VERB	Aspect=Imp|Mood=Ind|Number=Plur|Person=3|Tense=Past|VerbForm=Fin|Voice=Mid
1	ἀπεστρατοπεδεύσατο	ἀπαστρατοπεδεύομαι	VERB	Mood=Ind|Number=Sing|Person=3|Tense=Past|VerbForm=Fin|Voice=Mid
1	ἀπετάφρευον	ἀπετάφρευον	VERB	Aspect=Imp|Mood=Ind|Number=Plur|Person=3|Tense=Past|VerbForm=Fin|Voice=Act
1	ἀπετίθεσα^ν	ἀπετίθεσαν	VERB	Aspect=Imp|Mood=Ind|Number=Plur|Person=3|Tense=Past|VerbForm=Fin|Voice=Act
1	ἀπετρα^πόμην	ἀπετραπόμην	VERB	Mood=Ind|Number=Sing|Person=1|Tense=Past|VerbForm=Fin|Voice=Mid
1	ἀπεχθά^νεσθαι	ἀπεχθάνομαι	VERB	Tense=Pres|VerbForm=Inf|Voice=Mid
1	ἀπηλλά^γη	ἀπηλλάγη	VERB	Mood=Ind|Number=Sing|Person=3|Tense=Past|VerbForm=Fin|Voice=Pass
1	ἀπηλλα^γμένοι	ἀπαλλαξείω	VERB	Aspect=Perf|Case=Nom|Gender=Masc|Number=Plur|Tense=Past|VerbForm=Part|Voice=Mid
1	ἀπημείφθη	ἀπημείφθη	VERB	Mood=Ind|Number=Sing|Person=3|Tense=Past|VerbForm=Fin|Voice=Pass
1	ἀπηχθα^νόμην	ἀπηχθανόμην	VERB	Mood=Ind|Number=Sing|Person=1|Tense=Past|VerbForm=Fin|Voice=Mid
1	ἀπηχθημένος	ἀπηχθημένος	VERB	Aspect=Perf|Case=Nom|Gender=Masc|Number=Sing|Tense=Past|VerbForm=Part|Voice=Mid
1	ἀπηχθόμην	ἀπηχθνέομαι	VERB	Mood=Ind|Number=Sing|Person=1|Tense=Past|VerbForm=Fin|Voice=Mid
1	ἀπι^τέον	ἀπιτέιος	ADJ	Case=Nom|Gender=Neut|Number=Sing
1	ἀπιστοῦντα^ς	ἀπιστέω	VERB	Case=Acc|Gender=Masc|Number=Plur|Tense=Pres|VerbForm=Part|Voice=Act
1	ἀποβά^λωμεν	ἀποβάλωμεν	VERB	Mood=Sub|Number=Plur|Person=1|Tense=Past|VerbForm=Fin|Voice=Act
1	ἀποβαίνει	ἀποβαίνω	VERB	Mood=Ind|Number=Sing|Person=3|Tense=Pres|VerbForm=Fin|Voice=Act
1	ἀποβαίνομεν	ἀποβαίνω	VERB	Mood=Ind|Number=Plur|Person=1|Tense=Pres|VerbForm=Fin|Voice=Act
1	ἀποβαίνουσι^ν	ἀποβαίνω	VERB	Mood=Ind|Number=Plur|Person=3|Tense=Pres|VerbForm=Fin|Voice=Act
1	ἀποβιβάσειεν	ἀποβιβάζω	VERB	Mood=Opt|Number=Sing|Person=3|Tense=Past|VerbForm=Fin|Voice=Act
1	ἀποδέδυ_κεν	ἀποδύω	VERB	Aspect=Perf|Mood=Ind|Number=Sing|Person=3|Tense=Past|VerbForm=Fin|Voice=Act
1	ἀποδέχεσθαι	ἀποδέχω	VERB	Tense=Pres|VerbForm=Inf|Voice=Mid
1	ἀποδί^δωσι^ν	ἀποδίδωμι	VERB	Mood=Ind|Number=Sing|Person=3|Tense=Pres|VerbForm=Fin|Voice=Act
1	ἀποδαρέντα^	ἀποδαρέντα	VERB	Case=Acc|Gender=Neut|Number=Plur|Tense=Past|VerbForm=Part|Voice=Pass
1	ἀποδείκνυ^σθαι	ἀποδείκνυμι	VERB	Tense=Pres|VerbForm=Inf|Voice=Mid
1	ἀποδείκνυ^ται	ἀποδείκνυμι	VERB	Mood=Ind|Number=Sing|Person=3|Tense=Pres|VerbForm=Fin|Voice=Mid
1	ἀποδεδράκασι^ν	ἀποδεδράκασιν	VERB	Aspect=Perf|Mood=Ind|Number=Plur|Person=3|Tense=Past|VerbForm=Fin|Voice=Act
1	ἀποδεδρακότες	ἀποδεδρακότες	VERB	Aspect=Perf|Case=Nom|Gender=Masc|Number=Plur|Tense=Past|VerbForm=Part|Voice=Act
1	ἀποδεδόσθαι	ἀποδεδόσθαι	VERB	Tense=Pres|VerbForm=Inf|Voice=Mid
1	ἀποδειχθείη	ἀποδειχθείη	VERB	Mood=Opt|Number=Sing|Person=3|Tense=Past|VerbForm=Fin|Voice=Pass
1	ἀποδι^δούς	ἀποδίδωμι	VERB	Case=Nom|Gender=Masc|Number=Sing|Tense=Pres|VerbForm=Part|Voice=Act
1	ἀποδι^δοὺς	ἀποδίδωμι	VERB	Case=Nom|Gender=Masc|Number=Sing|Tense=Pres|VerbForm=Part|Voice=Act
1	ἀποδι^δῷς	ἀποδιδῷμι	VERB	Mood=Sub|Number=Sing|Person=2|Tense=Pres|VerbForm=Fin|Voice=Act
1	ἀποδιδράσκοντες	ἀποδιδράσκω	VERB	Case=Nom|Gender=Masc|Number=Plur|Tense=Pres|VerbForm=Part|Voice=Act
1	ἀποδιδόμενοι	ἀποδιδίδωμι	VERB	Case=Nom|Gender=Masc|Number=Plur|Tense=Pres|VerbForm=Part|Voice=Mid
1	ἀποδρά^ντα^	ἀποδιδράσκω	VERB	Aspect=Perf|Case=Acc|Gender=Masc|Number=Sing|Tense=Past|VerbForm=Part|Voice=Act
1	ἀποδράντας	ἀποδραίνω	VERB	Case=Acc|Gender=Masc|Number=Plur|Tense=Past|VerbForm=Part|Voice=Act
1	ἀποδράντων	ἀποδράντων	VERB	Case=Gen|Gender=Masc|Number=Plur|Tense=Past|VerbForm=Part|Voice=Act
1	ἀποδραίημεν	ἀποδραίημεν	VERB	Mood=Opt|Number=Plur|Person=1|Tense=Past|VerbForm=Fin|Voice=Act
1	ἀποδραμοῦνται	ἀποδραμόω	VERB	Mood=Ind|Number=Plur|Person=3|Tense=Pres|VerbForm=Fin|Voice=Mid
1	ἀποδρᾶναι	ἀποδρᾶναι	VERB	Tense=Past|VerbForm=Inf|Voice=Act
1	ἀποδόξῃ	ἀποδοκέω	VERB	Mood=Sub|Number=Sing|Person=3|Tense=Past|VerbForm=Fin|Voice=Act
1	ἀποδώσει	ἀποδίδωμι	VERB	Mood=Ind|Number=Sing|Person=3|Tense=Fut|VerbForm=Fin|Voice=Act
1	ἀποθά^νοιεν	ἀποθάνω	VERB	Mood=Opt|Number=Plur|Person=3|Tense=Past|VerbForm=Fin|Voice=Act
1	ἀποθα^νούμεθα^	ἀποθανέω	VERB	Mood=Ind|Number=Plur|Person=1|Tense=Pres|VerbForm=Fin|Voice=Mid
1	ἀποθα^νοῖτο	ἀποθανλυμῖ	VERB	Aspect=Perf|Mood=Opt|Number=Sing|Person=3|Tense=Past|VerbForm=Fin|Voice=Mid
1	ἀποθα^νοῦσι^ν	ἀποθνήσκω	VERB	Case=Dat|Gender=Masc|Number=Plur|Tense=Past|VerbForm=Part|Voice=Act
1	ἀποθνῃσκόντων	ἀποθνῃσκόντων	VERB	Case=Gen|Gender=Masc|Number=Plur|Tense=Pres|VerbForm=Part|Voice=Act
1	ἀποθνῄσκοντος	ἀποθνῄσκω	VERB	Case=Gen|Gender=Masc|Number=Sing|Tense=Pres|VerbForm=Part|Voice=Act
1	ἀποθνῄσκουσι^	ἀποθνῄσκω	VERB	Mood=Ind|Number=Plur|Person=3|Tense=Pres|VerbForm=Fin|Voice=Act
1	ἀποθνῄσκωμεν	ἀποθνῄσκω	VERB	Mood=Sub|Number=Plur|Person=1|Tense=Pres|VerbForm=Fin|Voice=Act
1	ἀποθύουσι^ν	ἀποθύω	VERB	Mood=Ind|Number=Plur|Person=3|Tense=Fut|VerbForm=Fin|Voice=Act
1	ἀποθῦσαι	ἀποθῦω	VERB	Tense=Past|VerbForm=Inf|Voice=Act
1	ἀποκαίων	ἀποκαίω	VERB	Case=Nom|Gender=Masc|Number=Sing|Tense=Pres|VerbForm=Part|Voice=Act
1	ἀποκαλέσας	ἀποκαλέω	VERB	Case=Nom|Gender=Masc|Number=Sing|Tense=Past|VerbForm=Part|Voice=Act
1	ἀποκείμεναι	ἀποκείμεναι	VERB	Case=Nom|Gender=Fem|Number=Plur|Tense=Pres|VerbForm=Part|Voice=Mid
1	ἀποκείμενον	ἀπόκειμαι	VERB	Aspect=Perf|Case=Acc|Gender=Masc|Number=Sing|Tense=Past|VerbForm=Part|Voice=Mid
1	ἀποκλείσα_ς	ἀποκλείω	VERB	Case=Nom|Gender=Masc|Number=Sing|Tense=Past|VerbForm=Part|Voice=Act
1	ἀποκλείσει	ἀποκλείσει	VERB	Mood=Ind|Number=Sing|Person=3|Tense=Fut|VerbForm=Fin|Voice=Act
1	ἀποκλείσειν	ἀποκλείσειν	VERB	Tense=Fut|VerbForm=Inf|Voice=Act
1	ἀποκρυπτομένων	ἀποκρυπτομένων	VERB	Case=Gen|Gender=Masc|Number=Plur|Tense=Pres|VerbForm=Part|Voice=Mid
1	ἀποκτείναιμεν	ἀποκτείναιμεν;	VERB	Mood=Opt|Number=Plur|Person=1|Tense=Past|VerbForm=Fin|Voice=Act
1	ἀποκτείνῃς	ἀποκτείνω	VERB	Mood=Sub|Number=Sing|Person=2|Tense=Past|VerbForm=Fin|Voice=Act
1	ἀποκτενῶν	ἀποκτείνω	VERB	Case=Nom|Gender=Masc|Number=Sing|Tense=Fut|VerbForm=Part|Voice=Act
1	ἀποκτιννύασι^	ἀποκτιννύασι	VERB	Mood=Ind|Number=Plur|Person=3|Tense=Pres|VerbForm=Fin|Voice=Act
1	ἀποκωλύῃ	ἀποκωλύω	VERB	Mood=Sub|Number=Sing|Person=3|Tense=Pres|VerbForm=Fin|Voice=Act
1	ἀποκωλῦσαι	ἀποκωλύω	VERB	Tense=Past|VerbForm=Inf|Voice=Act
1	ἀποκόψοντες	ἀποκόπτω	VERB	Case=Nom|Gender=Masc|Number=Plur|Tense=Fut|VerbForm=Part|Voice=Act
1	ἀπολήψονται	ἀπολήπτω	VERB	Mood=Ind|Number=Plur|Person=3|Tense=Fut|VerbForm=Fin|Voice=Mid
1	ἀπολήψῃ	ἀπολήπτω	VERB	Mood=Sub|Number=Sing|Person=2|Tense=Past|VerbForm=Fin|Voice=Mid
1	ἀπολα^βὼν	ἀπολαμβάνω	VERB	Case=Nom|Gender=Masc|Number=Sing|Tense=Past|VerbForm=Part|Voice=Act
1	ἀπολα^μβά^νειν	ἀπολαμβάνω	VERB	Tense=Pres|VerbForm=Inf|Voice=Act
1	ἀπολαβόντες	ἀπολαμβάνω	VERB	Case=Nom|Gender=Masc|Number=Plur|Tense=Past|VerbForm=Part|Voice=Act
1	ἀπολείψονται	ἀπολείπτω	VERB	Mood=Ind|Number=Plur|Person=3|Tense=Fut|VerbForm=Fin|Voice=Mid
1	ἀπολειπόμενόν	ἀπολειπόμενόν	VERB	Case=Acc|Gender=Masc|Number=Sing|Tense=Pres|VerbForm=Part|Voice=Mid
1	ἀπολελυ^μένοι	ἀπολελυμένοι	VERB	Aspect=Perf|Case=Nom|Gender=Masc|Number=Plur|Tense=Past|VerbForm=Part|Voice=Mid
1	ἀποληφθείησα^ν	ἀποληφθείησαν	VERB	Mood=Opt|Number=Plur|Person=3|Tense=Past|VerbForm=Fin|Voice=Pass
1	ἀποληφθῆτε	ἀποληφθῆτε	VERB	Aspect=Perf|Mood=Sub|Number=Plur|Person=2|Tense=Past|VerbForm=Fin|Voice=Act
1	ἀπολιπεῖν	ἀπολιμπάνω	VERB	Tense=Past|VerbForm=Inf|Voice=Act
1	ἀπολιπόντας	ἀπολείπω	VERB	Case=Acc|Gender=Masc|Number=Plur|Tense=Past|VerbForm=Part|Voice=Act
1	ἀπολιπόντες	ἀπολείπω	VERB	Case=Nom|Gender=Masc|Number=Plur|Tense=Past|VerbForm=Part|Voice=Act
1	ἀπολιπὼν	ἀπολείπω	VERB	Case=Nom|Gender=Masc|Number=Sing|Tense=Past|VerbForm=Part|Voice=Act
1	ἀπολοίμεθα^	ἀπολοίμεθα	VERB	Mood=Opt|Number=Plur|Person=1|Tense=Past|VerbForm=Fin|Voice=Mid
1	ἀπολωλέκα^τε	ἀπολωλέκατε	VERB	Aspect=Perf|Mood=Ind|Number=Plur|Person=2|Tense=Past|VerbForm=Fin|Voice=Act
1	ἀπολωλότων	ἀπολωλότων	VERB	Aspect=Perf|Case=Gen|Gender=Masc|Number=Plur|Tense=Past|VerbForm=Part|Voice=Act
1	ἀπολύ_ω	ἀπολύω	VERB	Mood=Ind|Number=Sing|Person=1|Tense=Pres|VerbForm=Fin|Voice=Act
1	ἀπολώλα^μεν	ἀπολώλαμεν	VERB	Aspect=Perf|Mood=Ind|Number=Plur|Person=1|Tense=Past|VerbForm=Fin|Voice=Act
1	ἀπολώμεθα^	ἀπολώμεθα	VERB	Mood=Sub|Number=Plur|Person=1|Tense=Past|VerbForm=Fin|Voice=Mid
1	ἀπονοστῆσαι	ἀπονοστέω	VERB	Tense=Past|VerbForm=Inf|Voice=Act
1	ἀποπέμψει	ἀποπέμφω	VERB	Mood=Ind|Number=Sing|Person=3|Tense=Fut|VerbForm=Fin|Voice=Act
1	ἀποπέμψων	ἀποπέμψων	VERB	Case=Nom|Gender=Masc|Number=Sing|Tense=Fut|VerbForm=Part|Voice=Act
1	ἀποπήγνυσθαι	ἀποπήγνυμι	VERB	Tense=Pres|VerbForm=Inf|Voice=Mid
1	ἀποπεφευγότες	ἀποφεύγω	VERB	Aspect=Perf|Case=Nom|Gender=Masc|Number=Plur|Tense=Past|VerbForm=Part|Voice=Act
1	ἀποπεφεύγασι^ν	ἀποπεφεύγασιν	VERB	Aspect=Perf|Mood=Ind|Number=Plur|Person=3|Tense=Past|VerbForm=Fin|Voice=Act
1	ἀποπλευσεῖσθαι	ἀποπλευσεῖσθαι	VERB	Tense=Fut|VerbForm=Inf|Voice=Mid
1	ἀποπλευσούμεθα^	ἀποπλευσούμεθα	VERB	Mood=Ind|Number=Plur|Person=1|Tense=Fut|VerbForm=Fin|Voice=Mid
1	ἀποπλευσούμενος	ἀποπλευίσω	VERB	Case=Nom|Gender=Masc|Number=Sing|Tense=Fut|VerbForm=Part|Voice=Mid
1	ἀποπορευομένους	ἀποπορεύομαι	VERB	Case=Acc|Gender=Masc|Number=Plur|Tense=Pres|VerbForm=Part|Voice=Mid
1	ἀποσήπεσθαι	ἀποσήπνεομαι	VERB	Tense=Past|VerbForm=Inf|Voice=Mid
1	ἀποσεσηπότες	ἀποσεσηπότες	VERB	Aspect=Perf|Case=Nom|Gender=Masc|Number=Plur|Tense=Past|VerbForm=Part|Voice=Act
1	ἀποσκεδαννυμένων	ἀποσκεδανένμαι	VERB	Aspect=Perf|Case=Gen|Gender=Masc|Number=Plur|Tense=Past|VerbForm=Part|Voice=Mid
1	ἀποσκεδαννύμενοι	ἄποσκεδαννυμαι	VERB	Case=Nom|Gender=Masc|Number=Plur|Tense=Pres|VerbForm=Part|Voice=Mid
1	ἀποσπάσαι	ἀποσπάω	VERB	Tense=Past|VerbForm=Inf|Voice=Act
1	ἀποσπάσας	ἀποσπάζω	VERB	Case=Nom|Gender=Masc|Number=Sing|Tense=Past|VerbForm=Part|Voice=Act
1	ἀποσπάσωμεν	ἀποσπάζω	VERB	Aspect=Perf|Mood=Sub|Number=Plur|Person=1|Tense=Past|VerbForm=Fin|Voice=Act
1	ἀποσπασθῆναι	ἀποσπάζω	VERB	Tense=Past|VerbForm=Inf|Voice=Pass
1	ἀποστά^ντες	ἀφίστημι	VERB	Case=Nom|Gender=Masc|Number=Plur|Tense=Past|VerbForm=Part|Voice=Act
1	ἀποστέλλει	ἀποστέλλω	VERB	Mood=Ind|Number=Sing|Person=3|Tense=Pres|VerbForm=Fin|Voice=Act
1	ἀποστερεῖ	ἀποστερέω	VERB	Mood=Ind|Number=Sing|Person=3|Tense=Pres|VerbForm=Fin|Voice=Act
1	ἀποστερῆσαι	ἀποστερέω	VERB	Tense=Past|VerbForm=Inf|Voice=Act
1	ἀποστρέφειν	ἀποστρέφω	VERB	Tense=Pres|VerbForm=Inf|Voice=Act
1	ἀποστροφὴν	ἀποστροφή	NOUN	Case=Acc|Gender=Fem|Number=Sing
1	ἀποστῆναι	ἀφίστημι	VERB	Tense=Past|VerbForm=Inf|Voice=Act
1	ἀποσυλῶ	ἀποσυίλω	VERB	Mood=Ind|Number=Sing|Person=1|Tense=Fut|VerbForm=Fin|Voice=Act
1	ἀποσῶσαι	ἀποσῴζω	VERB	Tense=Past|VerbForm=Inf|Voice=Act
1	ἀποτείσαιντο	ἀποτείσαιντο	VERB	Mood=Opt|Number=Plur|Person=3|Tense=Past|VerbForm=Fin|Voice=Mid
1	ἀποτείσειεν	ἀποτείζω	VERB	Mood=Opt|Number=Sing|Person=3|Tense=Past|VerbForm=Fin|Voice=Act
1	ἀποτειχί^ζει	ἀποτειχίζω	VERB	Mood=Ind|Number=Sing|Person=3|Tense=Pres|VerbForm=Fin|Voice=Act
1	ἀποτεμὼν	ἀποτεμμάνω	VERB	Case=Nom|Gender=Masc|Number=Sing|Tense=Past|VerbForm=Part|Voice=Act
1	ἀποτεταμένα^	ἀποτεταμένα	VERB	Aspect=Perf|Case=Acc|Gender=Neut|Number=Plur|Tense=Past|VerbForm=Part|Voice=Mid
1	ἀποτμηθείησα^ν	ἀποτμηθείησαν	VERB	Aspect=Perf|Mood=Opt|Number=Plur|Person=3|Tense=Past|VerbForm=Fin|Voice=Pass
1	ἀποτρέπεσθαι	ἀποτρέπω	VERB	Tense=Pres|VerbForm=Inf|Voice=Mid
1	ἀποτρέχειν	ἀποτρέχω	VERB	Tense=Pres|VerbForm=Inf|Voice=Act
1	ἀποφαινώμεθα^	ἀποφαινώμεθα	VERB	Mood=Sub|Number=Plur|Person=1|Tense=Pres|VerbForm=Fin|Voice=Mid
1	ἀποφευγόντων	ἀποφεύγω	VERB	Case=Gen|Gender=Masc|Number=Plur|Tense=Pres|VerbForm=Part|Voice=Act
1	ἀποφεύγει	ἀποφεύγω	VERB	Mood=Ind|Number=Sing|Person=3|Tense=Pres|VerbForm=Fin|Voice=Act
1	ἀποφεύγειν	ἀποφεύγω	VERB	Tense=Pres|VerbForm=Inf|Voice=Act
1	ἀποφυγεῖν	ἀποφεύγω	VERB	Tense=Past|VerbForm=Inf|Voice=Act
1	ἀποφυγόντων	ἀποφεύγω	VERB	Case=Gen|Gender=Masc|Number=Plur|Tense=Past|VerbForm=Part|Voice=Act
1	ἀποφύ^γοι	ἀεποφύγω	VERB	Mood=Opt|Number=Sing|Person=3|Tense=Past|VerbForm=Fin|Voice=Act
1	ἀποχωροῦντα^	ἀποχωρέω	VERB	Case=Acc|Gender=Masc|Number=Sing|Tense=Pres|VerbForm=Part|Voice=Act
1	ἀποψηφίσωνται	ἀποψηφίω	VERB	Mood=Sub|Number=Plur|Person=3|Tense=Past|VerbForm=Fin|Voice=Mid
1	ἀπροφασίστως	ἀπροφάσιστος	ADV	
1	ἀπωλλύμεθα^	ἀπωλλύμεθα	VERB	Aspect=Perf|Mood=Ind|Number=Plur|Person=1|Tense=Past|VerbForm=Fin|Voice=Mid
1	ἀπωλώλεσα^ν	ἀπωλώλεσαν	VERB	Mood=Ind|Number=Plur|Person=3|Tense=Pqp|VerbForm=Fin|Voice=Act
1	ἀπόδοιτο	ἀπόδω	VERB	Mood=Opt|Number=Sing|Person=3|Tense=Past|VerbForm=Fin|Voice=Mid
1	ἀπόλεκτοι	ἀπόλεκτος	ADJ	Case=Nom|Gender=Fem|Number=Plur
1	ἀπόπλῳ	ἀπόπλοος	NOUN	Case=Dat|Gender=Masc|Number=Sing
1	ἀπόρους	ἀπόρους	ADJ	Case=Acc|Gender=Masc|Number=Plur
1	ἀπότομα^	ἀπότομος	ADJ	Case=Nom|Gender=Neut|Number=Plur
1	ἀπότομον	ἀπότομος	ADJ	Case=Nom|Gender=Neut|Number=Sing
1	ἀπόφηναι	ἀπόφηναι	VERB	Tense=Past|VerbForm=Inf|Voice=Act
1	ἀπώλλυσα^ν	ἀπώλλυσαν	VERB	Aspect=Perf|Mood=Ind|Number=Plur|Person=3|Tense=Past|VerbForm=Fin|Voice=Act
1	ἀπὼν	ἄπειμι	VERB	Case=Nom|Gender=Masc|Number=Sing|Tense=Pres|VerbForm=Part|Voice=Act
1	ἀρήξοντες	ἀρεήγνυμι	VERB	Case=Nom|Gender=Masc|Number=Plur|Tense=Fut|VerbForm=Part|Voice=Act
1	ἀργυρόποδες	ἀργυρόπους	ADJ	Case=Nom|Gender=Fem|Number=Plur
1	ἀριστήσαντα^ς	ἀριστέω	VERB	Case=Acc|Gender=Masc|Number=Plur|Tense=Past|VerbForm=Part|Voice=Act
1	ἀριστήσωμεν	ἀριστέω	VERB	Mood=Sub|Number=Plur|Person=1|Tense=Past|VerbForm=Fin|Voice=Act
1	ἀριστερῷ	ἀριστερῷ	ADJ	Case=Dat|Gender=Masc|Number=Sing
1	ἀριστοποιουμένων	ἀριστοποιέω	VERB	Case=Gen|Gender=Masc|Number=Plur|Tense=Pres|VerbForm=Part|Voice=Mid
1	ἀριστῴητε	ἀριστῴω	VERB	Mood=Sub|Number=Plur|Person=2|Tense=Pres|VerbForm=Fin|Voice=Act
1	ἀρώμα^τα^	ἄρωμα	NOUN	Case=Nom|Gender=Neut|Number=Plur
1	ἀσέβεια^ν	ἀσέβεια	NOUN	Case=Acc|Gender=Fem|Number=Sing
1	ἀσί^τους	ἀσίτους	ADJ	Case=Acc|Gender=Masc|Number=Plur
1	ἀσεβής	ἀσεβής	ADJ	Case=Nom|Gender=Masc|Number=Sing
1	ἀσινέστατα^	ἀσινέστατος	ADJ	Case=Acc|Gender=Neut|Number=Plur
1	ἀσινῶς	ἀσινός	ADV	
1	ἀσταφίδας	ἀσταφίς	NOUN	Case=Acc|Gender=Fem|Number=Plur
1	ἀσφάλεια^ν	ἀσφάλεια	NOUN	Case=Acc|Gender=Fem|Number=Sing
1	ἀσχολίαι	ἀσχολίας	NOUN	Case=Nom|Gender=Fem|Number=Plur
1	ἀτά^κτους	ἄτακτος	ADJ	Case=Acc|Gender=Masc|Number=Plur
1	ἀτά^φων	ἀτάφος	ADJ	Case=Gen|Gender=Masc|Number=Plur
1	ἀτέλεια^ν	ἀτέλεια	NOUN	Case=Acc|Gender=Fem|Number=Sing
1	ἀτί^μους	ἀτῖμος	ADJ	Case=Acc|Gender=Masc|Number=Plur
1	ἀτακτοῦντα^	ἀτακτέω	VERB	Case=Acc|Gender=Masc|Number=Sing|Tense=Pres|VerbForm=Part|Voice=Act
1	ἀταξία_	ἀταξία	NOUN	Case=Nom|Gender=Fem|Number=Sing
1	ἀταξία_ς	ἀταξία	NOUN	Case=Gen|Gender=Fem|Number=Sing
1	ἀταξίᾳ	ἀταξία	NOUN	Case=Dat|Gender=Fem|Number=Sing
1	ἀτι_μα^σθείς	ἀτιμάζω	VERB	Case=Nom|Gender=Masc|Number=Sing|Tense=Past|VerbForm=Part|Voice=Pass
1	ἀτιμαζομένους	ἀτιμάζω	VERB	Case=Acc|Gender=Masc|Number=Plur|Tense=Pres|VerbForm=Part|Voice=Mid
1	ἀτιμότερος	ἀτιμότερος	ADJ	Case=Nom|Degree=Cmp|Gender=Masc|Number=Sing
1	ἀτριβεῖς	ἀτριβής	ADJ	Case=Acc|Gender=Fem|Number=Plur
1	ἀτριβῆ	ἀτριβής	ADJ	Case=Acc|Gender=Fem|Number=Sing
1	ἀφέντα^	ἀφέντα	VERB	Case=Acc|Gender=Masc|Number=Sing|Tense=Past|VerbForm=Part|Voice=Act
1	ἀφήγησαι	ἀφήγησαι	VERB	Mood=Imp|Number=Sing|Person=2|Tense=Past|VerbForm=Fin|Voice=Mid
1	ἀφί^κοιντο	ἀφίκοιντο	VERB	Mood=Sub|Number=Plur|Person=3|Tense=Past|VerbForm=Fin|Voice=Mid
1	ἀφί^κου	ἀφίκου;μι	VERB	Mood=Ind|Number=Sing|Person=2|Tense=Past|VerbForm=Fin|Voice=Mid
1	ἀφί^σταιτο	ἀφίσταιτο	VERB	Aspect=Imp|Mood=Ind|Number=Sing|Person=3|Tense=Past|VerbForm=Fin|Voice=Mid
1	ἀφί_εσα^ν	ἀφίεσαν	VERB	Mood=Ind|Number=Plur|Person=3|Tense=Past|VerbForm=Fin|Voice=Act
1	ἀφαιρεθεῖεν	ἀφαιρεθεῖεν	VERB	Mood=Opt|Number=Plur|Person=3|Tense=Past|VerbForm=Fin|Voice=Pass
1	ἀφαιρεθῆναι	ἀφαιρίεω	VERB	Tense=Past|VerbForm=Inf|Voice=Pass
1	ἀφαιρεῖσθαι	ἀφαιρεῖσθαι	VERB	Tense=Pres|VerbForm=Inf|Voice=Mid
1	ἀφανιούντων	ἀφανιέω	VERB	Case=Gen|Gender=Masc|Number=Plur|Tense=Pres|VerbForm=Part|Voice=Act
1	ἀφειδέστατα^	ἀφειδέστατος	ADJ	Case=Acc|Degree=Sup|Gender=Neut|Number=Plur
1	ἀφειδῶς	ἀφειδῶς	ADV	
1	ἀφεστήκα_σι^ν	ἀφεστήκασιν	VERB	Aspect=Perf|Mood=Ind|Number=Plur|Person=3|Tense=Past|VerbForm=Fin|Voice=Act
1	ἀφεστήξει	ἀφεστήχω	VERB	Mood=Ind|Number=Sing|Person=3|Tense=Fut|VerbForm=Fin|Voice=Act
1	ἀφι^κνεῖσθαι	ἀφικνενῖομαι	VERB	Tense=Pres|VerbForm=Inf|Voice=Mid
1	ἀφι^κνῆσθε	ἀφικνῆσθε	VERB	Mood=Sub|Number=Plur|Person=1|Tense=Past|VerbForm=Fin|Voice=Mid
1	ἀφι^κώμεθα^	ἀφικίημι	VERB	Mood=Sub|Number=Plur|Person=1|Tense=Past|VerbForm=Fin|Voice=Mid
1	ἀφι_κνεῖτο	ἀφικνεῖτο	VERB	Mood=Sub|Number=Sing|Person=3|Tense=Past|VerbForm=Fin|Voice=Mid
1	ἀφι_κνοῦντο	ἀφικνοῦντο	VERB	Aspect=Imp|Mood=Ind|Number=Plur|Person=3|Tense=Past|VerbForm=Fin|Voice=Mid
1	ἀφι_ᾶσι^	ἀφιᾶμι	VERB	Mood=Ind|Number=Plur|Person=3|Tense=Pres|VerbForm=Fin|Voice=Act
1	ἀφικνουμένους	ἀφικνουμένους	VERB	Case=Acc|Gender=Masc|Number=Plur|Tense=Pres|VerbForm=Part|Voice=Mid
1	ἀφροσύνην	ἀφροσύνη	NOUN	Case=Acc|Gender=Fem|Number=Sing
1	ἀφυλάκτως	ἀφυλάκτως	ADV	
1	ἀφυλακτεῖν	ἀφυλακτεῖ	VERB	Tense=Pres|VerbForm=Inf|Voice=Act
1	ἀφύλακτα^	ἀφύλακτος	ADJ	Case=Acc|Gender=Neut|Number=Plur
1	ἀφύλακτον	ἀφύλακτος	ADJ	Case=Acc|Gender=Neut|Number=Sing
1	ἀφῃροῦντο	ἀφῃροῦντο	VERB	Aspect=Imp|Mood=Ind|Number=Plur|Person=3|Tense=Past|VerbForm=Fin|Voice=Mid
1	ἀχάριστοι	ἀχάριστος	ADJ	Case=Nom|Gender=Masc|Number=Plur
1	ἀχάριστον	ἀχάριστος	ADJ	Case=Acc|Gender=Fem|Number=Sing
1	ἁλιευτι^κῷ	ἁλιευτικός	ADJ	Case=Dat|Gender=Neut|Number=Sing
1	ἁλόμενοι	ἁλόμενοι	VERB	Case=Nom|Gender=Masc|Number=Plur|Tense=Pres|VerbForm=Part|Voice=Pass
1	ἁλώσιμα^	ἁλώσιμος	ADJ	Case=Nom|Gender=Neut|Number=Plur
1	ἁμαξι^τὸς	ἁμάξιτος	ADJ	Case=Nom|Gender=Fem|Number=Sing
1	ἁμαξιαίους	ἁμαξιαῖος	ADJ	Case=Acc|Gender=Masc|Number=Plur
1	ἁμαρτηθέντα^	ἁμαρτόη	VERB	Case=Acc|Gender=Neut|Number=Plur|Tense=Past|VerbForm=Part|Voice=Pass
1	ἁμαρτόντες	ἁμαρτίσκομαι	VERB	Case=Nom|Gender=Masc|Number=Plur|Tense=Past|VerbForm=Part|Voice=Act
1	ἁνυστὸν	ἁνυστὸς	ADJ	Case=Acc|Gender=Neut|Number=Sing
1	ἁνύσασθαι	ἁνύω	VERB	Tense=Past|VerbForm=Inf|Voice=Mid
1	ἁπα^λοὺς	ἁπαλός	ADJ	Case=Acc|Gender=Masc|Number=Plur
1	ἁπαλώτερα^	ἁπαλός	ADJ	Case=Nom|Degree=Cmp|Gender=Neut|Number=Plur
1	ἁρπαγήν	ἁρπαγή	NOUN	Case=Acc|Gender=Fem|Number=Sing
1	ἄβα^τος	ἄβατος	ADJ	Case=Nom|Gender=Masc|Number=Sing
1	ἄκυ_ρον	ἄκυρος	ADJ	Case=Acc|Gender=Neut|Number=Sing
1	ἄλιθον	ἄλιθος	ADJ	Case=Nom|Gender=Neut|Number=Sing
1	ἄμετρον	ἄμετρος	ADJ	Case=Acc|Gender=Neut|Number=Sing
1	ἄνοδον	ἄνοδος	NOUN	Case=Acc|Gender=Fem|Number=Sing
1	ἄποροι	ἄπορος	ADJ	Case=Nom|Gender=Masc|Number=Plur
1	Ἀβύ^δου	ἄβυδος	PROPN	Case=Gen|Gender=Fem|Number=Sing
1	Ἀγί^ου	Ἀγίου	ADJ	Case=Gen|Gender=Masc|Number=Sing
1	Ἀγησιλάῳ	Ἀγησιλάῳ	NOUN	Case=Dat|Gender=Masc|Number=Sing
1	Ἀδι^κεῖτε	ἀδικέω	VERB	Mood=Ind|Number=Plur|Person=2|Tense=Pres|VerbForm=Fin|Voice=Act
1	Ἀδραμυττί^ου	Ἀδραμύττιον	NOUN	Case=Gen|Gender=Neut|Number=Sing
1	Ἀθηναία_ν	Ἀθηναία	NOUN	Case=Acc|Gender=Fem|Number=Sing
1	Ἀθηναίῳ	ἀθήναιος	ADJ	Case=Dat|Gender=Masc|Number=Sing
1	Ἀκαρνάν	Ἀκαρνάν	NOUN	Case=Nom|Gender=Masc|Number=Sing
1	Ἀμπρακιώτης	Ἀμπρακιώτης	NOUN	Case=Nom|Gender=Masc|Number=Sing
1	Ἀμφιδήμου	Ἀμφιδήμος	NOUN	Case=Gen|Gender=Masc|Number=Sing
1	Ἀμφικράτην	Ἀμφικράτης	NOUN	Case=Acc|Gender=Masc|Number=Sing
1	Ἀμφικράτης	Ἀμφικράτης	NOUN	Case=Nom|Gender=Masc|Number=Sing
1	Ἀμφιπολίτης	Ἀμφιπολίτης	NOUN	Case=Nom|Gender=Masc|Number=Sing
1	Ἀμφιπολίτῃ	Ἀμφιπολίτης	NOUN	Case=Dat|Gender=Masc|Number=Sing
1	Ἀπολελοίπα_σι^ν	Ἀπολελοίπασιν	VERB	Aspect=Perf|Mood=Ind|Number=Plur|Person=3|Tense=Past|VerbForm=Fin|Voice=Act
1	Ἀπολλωνία_ς	Ἀπολλωνία	NOUN	Case=Gen|Gender=Fem|Number=Sing
1	Ἀπολλωνίδης	Ἀπολλωνίδης	NOUN	Case=Nom|Gender=Masc|Number=Sing
1	Ἀπόλλω	ἀπόλλων	PROPN	Case=Acc|Gender=Masc|Number=Sing
1	Ἀπόλλωνος	ἀπόλλων	NOUN	Case=Gen|Gender=Masc|Number=Sing
1	Ἀράξην	Ἀράξας	NOUN	Case=Acc|Gender=Masc|Number=Sing
1	Ἀρίσταρχόν	Ἀρίσταρχος	NOUN	Case=Acc|Gender=Masc|Number=Sing
1	Ἀρίστιππος	Ἀρίστιππος	NOUN	Case=Nom|Gender=Masc|Number=Sing
1	Ἀρίστωνα^	ἀρίστων	NOUN	Case=Acc|Gender=Masc|Number=Sing
1	Ἀρβάκας	Ἀρβάκας	NOUN	Case=Acc|Gender=Masc|Number=Plur
1	Ἀρβάκης	Ἀρβάκης	NOUN	Case=Nom|Gender=Masc|Number=Sing
1	Ἀριαῖός	Ἀριαῖος	NOUN	Case=Nom|Gender=Masc|Number=Sing
1	Ἀριστάρχῳ	Ἀριστάρχῳ	NOUN	Case=Dat|Gender=Masc|Number=Sing
1	Ἀριστί^ππου	Ἀριστίππου	NOUN	Case=Gen|Gender=Masc|Number=Sing
1	Ἀριστίππῳ	Ἀριστίππῳ	NOUN	Case=Dat|Gender=Masc|Number=Sing
1	Ἀριστώνυμον	Ἀριστώνυμος	NOUN	Case=Acc|Gender=Masc|Number=Sing
1	Ἀρμενία_ς	Ἀρμενία	NOUN	Case=Gen|Gender=Fem|Number=Sing
1	Ἀρμενίων	ἀρμένιον	NOUN	Case=Gen|Gender=Masc|Number=Plur
1	Ἀρμενίᾳ	Ἀρμενία	NOUN	Case=Dat|Gender=Fem|Number=Sing
1	Ἀρτίμας	Ἀρτίμας	NOUN	Case=Acc|Gender=Masc|Number=Plur
1	Ἀρταγέρσην	Ἀρταγέρσης	NOUN	Case=Acc|Gender=Masc|Number=Sing
1	Ἀρταγέρσης	Ἀρταγέρσης	NOUN	Case=Nom|Gender=Masc|Number=Sing
1	Ἀρτακάμας	Ἀρτακάμας	NOUN	Case=Acc|Gender=Masc|Number=Plur
1	Ἀρταπά^του	Ἀρταπάτης	NOUN	Case=Gen|Gender=Masc|Number=Sing
1	Ἀρταπάτης	Ἀρταπάτης	NOUN	Case=Nom|Gender=Masc|Number=Sing
1	Ἀρχαγόραν	Ἀρχαγόρας	NOUN	Case=Acc|Gender=Masc|Number=Sing
1	Ἀρχαγόρας	Ἀρχαγόρας	NOUN	Case=Nom|Gender=Masc|Number=Sing
1	Ἀσίᾳ	ἀσία	PROPN	Case=Dat|Gender=Fem|Number=Sing
1	Ἀσιδάτην	Ἀσιδάτης	NOUN	Case=Acc|Gender=Masc|Number=Sing
1	Ἀσιναίου	Ἀσιναῖος	ADJ	Case=Gen|Gender=Masc|Number=Sing
1	Ἀσσυρία_ς	Ἀσσυρίη	NOUN	Case=Gen|Gender=Fem|Number=Sing
1	Ἀττικὰ_ς	ἀττικός	ADJ	Case=Acc|Gender=Fem|Number=Plur
1	Ἀχαιούς	ἀχαιός	ADJ	Case=Acc|Gender=Masc|Number=Plur
1	Ἀχαιὸν	Ἀχαιὸς	ADJ	Case=Acc|Gender=Masc|Number=Sing
1	Ἀχαιῶν	ἀχαιός	ADJ	Case=Gen|Gender=Masc|Number=Plur
1	Ἀχερουσιά^δι^	Ἀχερουσιάς	ADJ	Case=Dat|Gender=Fem|Number=Sing
1	Ἁλισάρνης	Ἁλισάρνη	NOUN	Case=Gen|Gender=Fem|Number=Sing
1	ἐβουλιμίασα^ν	ἐβουλιμίασαν	VERB	Aspect=Perf|Mood=Ind|Number=Plur|Person=3|Tense=Past|VerbForm=Fin|Voice=Act
1	ἐγκαλοῦντα^ς	ἐγκαλέω	VERB	Case=Acc|Gender=Masc|Number=Plur|Tense=Pres|VerbForm=Part|Voice=Act
1	ἐγκαλοῦσι^ν	ἐγκαλέω	VERB	Mood=Ind|Number=Plur|Person=3|Tense=Pres|VerbForm=Fin|Voice=Act
1	ἐγκεκαλυμμένοις	ἐγκεκαλυμμένοις	VERB	Aspect=Perf|Case=Dat|Gender=Masc|Number=Plur|Tense=Past|VerbForm=Part|Voice=Mid
1	ἐγκεχαλινωμένοι	ἐγκεχαλινωμένοι	VERB	Case=Nom|Gender=Masc|Number=Plur|Tense=Pres|VerbForm=Part|Voice=Pass
1	ἐδεδίεσα^ν	ἐδεδίεσαν	VERB	Mood=Ind|Number=Plur|Person=3|Tense=Pqp|VerbForm=Fin|Voice=Act
1	ἐδεξιοῦτό	ἐδεξιοῦτό	VERB	Aspect=Imp|Mood=Ind|Number=Sing|Person=3|Tense=Past|VerbForm=Fin|Voice=Mid
1	ἐδοκιμάσθησα^ν	δοκιμάζω	VERB	Mood=Ind|Number=Plur|Person=3|Tense=Past|VerbForm=Fin|Voice=Pass
1	ἐθανατώθη	θανατόω	VERB	Mood=Ind|Number=Sing|Person=3|Tense=Past|VerbForm=Fin|Voice=Pass
1	ἐθελούσιον	ἐθελούσιος	ADJ	Case=Acc|Gender=Masc|Number=Sing
1	ἐκάθισα^ν	καθίζω	VERB	Aspect=Perf|Mood=Ind|Number=Plur|Person=3|Tense=Past|VerbForm=Fin|Voice=Act
1	ἐκαθέζετο	καθέζομαι	VERB	Aspect=Imp|Mood=Ind|Number=Sing|Person=3|Tense=Past|VerbForm=Fin|Voice=Mid
1	ἐκαθέζοντο	καθέζω	VERB	Aspect=Imp|Mood=Ind|Number=Plur|Person=3|Tense=Past|VerbForm=Fin|Voice=Mid
1	ἐκαθεζόμην	καθέζομαι	VERB	Aspect=Imp|Mood=Ind|Number=Sing|Person=1|Tense=Past|VerbForm=Fin|Voice=Mid
1	ἐκαλινδοῦντο	καλινδέω	VERB	Aspect=Imp|Mood=Ind|Number=Plur|Person=3|Tense=Past|VerbForm=Fin|Voice=Mid
1	ἐκαλλιερήσαντο	καλλιερέομαι	VERB	Mood=Ind|Number=Plur|Person=3|Tense=Past|VerbForm=Fin|Voice=Mid
1	ἐκβαλόντας	ἐκβάλλω	VERB	Case=Acc|Gender=Masc|Number=Plur|Tense=Past|VerbForm=Part|Voice=Act
1	ἐκδεδραμηκότες	ἐκδεδραμηκότες	VERB	Aspect=Perf|Case=Nom|Gender=Masc|Number=Plur|Tense=Past|VerbForm=Part|Voice=Act
1	ἐκδραμόντες	ἐκδραιγμώσκω	VERB	Case=Nom|Gender=Masc|Number=Plur|Tense=Past|VerbForm=Part|Voice=Act
1	ἐκεκάκωτο	ἐκεκάκωτο	VERB	Mood=Ind|Number=Sing|Person=3|Tense=Pqp|VerbForm=Fin|Voice=Mid
1	ἐκθλίβεσθαι	ἐκθλίβω	VERB	Tense=Pres|VerbForm=Inf|Voice=Mid
1	ἐκθλιβομένους	ἐκθλιβομένους	VERB	Case=Acc|Gender=Masc|Number=Plur|Tense=Pres|VerbForm=Part|Voice=Pass
1	ἐκκεκαλυμμένας	ἐκκεκαλυμμένας	VERB	Aspect=Perf|Case=Acc|Gender=Fem|Number=Plur|Tense=Past|VerbForm=Part|Voice=Pass
1	ἐκκλίνουσι^ν	ἐκκλίνω	VERB	Mood=Ind|Number=Plur|Person=3|Tense=Pres|VerbForm=Fin|Voice=Act
1	ἐκκλησιά^ζειν	ἐκκλησιάζω	VERB	Tense=Pres|VerbForm=Inf|Voice=Act
1	ἐκκομίσαι	ἐκκομίζω	VERB	Tense=Past|VerbForm=Inf|Voice=Act
1	ἐκλεξάμενοι	ἐκλεξάμενοι	VERB	Case=Nom|Gender=Masc|Number=Plur|Tense=Past|VerbForm=Part|Voice=Mid
1	ἐκπεπτωκότας	ἐκπεπτωκότας	VERB	Aspect=Perf|Case=Acc|Gender=Masc|Number=Plur|Tense=Past|VerbForm=Part|Voice=Act
1	ἐκπλαγείς	ἐκπλαγείς	VERB	Case=Nom|Gender=Masc|Number=Sing|Tense=Past|VerbForm=Part|Voice=Pass
1	ἐκποριοῦσι^	ἐκποριέω	VERB	Mood=Ind|Number=Plur|Person=3|Tense=Pres|VerbForm=Fin|Voice=Act
1	ἐκτραπόμενοι	ἐκτρέπω	VERB	Aspect=Perf|Case=Nom|Gender=Masc|Number=Plur|Tense=Past|VerbForm=Part|Voice=Mid
1	ἐκυλί^νδουν	ἐκυλίνδουν	VERB	Aspect=Imp|Mood=Ind|Number=Plur|Person=3|Tense=Past|VerbForm=Fin|Voice=Act
1	ἐλαφείοις	ἐλαφείος	ADJ	Case=Dat|Gender=Neut|Number=Plur
1	ἐλευθερίαν	ἐλευθερία	NOUN	Case=Acc|Gender=Fem|Number=Sing
1	ἐλυπεῖτο	λυπέω	VERB	Aspect=Imp|Mood=Ind|Number=Sing|Person=3|Tense=Past|VerbForm=Fin|Voice=Mid
1	ἐμβιβῶ	ἐμβιβέω	VERB	Mood=Sub|Number=Sing|Person=1|Tense=Pres|VerbForm=Fin|Voice=Act
1	ἐμοχθησάτην	ἐμοχθησάτην	VERB	Mood=Ind|Number=Sing|Person=1|Tense=Past|VerbForm=Fin|Voice=Mid
1	ἐμπόριον	ἐμπόριον	NOUN	Case=Nom|Gender=Neut|Number=Sing
1	ἐμφάγοιεν	ἐμφάγω	VERB	Mood=Opt|Number=Plur|Person=3|Tense=Pres|VerbForm=Fin|Voice=Act
1	ἐμφαγόντας	ἐμφαγόντας	VERB	Case=Acc|Gender=Masc|Number=Plur|Tense=Pres|VerbForm=Part|Voice=Act
1	ἐνάτην	ἔνατος	ADJ	Case=Acc|Gender=Fem|Number=Sing
1	ἐνέχυρα^	ἐνέχυρον	NOUN	Case=Acc|Gender=Neut|Number=Plur
1	ἐναγκυλῶντες	ἐναγκυλῶντες	VERB	Case=Nom|Gender=Masc|Number=Plur|Tense=Pres|VerbForm=Part|Voice=Act
1	ἐνδίφριος	ἐνδίφριος	NOUN	Case=Nom|Gender=Masc|Number=Sing
1	ἐνδεικνύμενος	ἐνδεικνύμενος	VERB	Case=Nom|Gender=Masc|Number=Sing|Tense=Pres|VerbForm=Part|Voice=Mid
1	ἐνεβίβασα^ν	ἐνοβιβάζω	VERB	Aspect=Perf|Mood=Ind|Number=Plur|Person=3|Tense=Past|VerbForm=Fin|Voice=Act
1	ἐνεδεδύκεσα^ν	ἐνδύω	VERB	Mood=Ind|Number=Plur|Person=3|Tense=Pqp|VerbForm=Fin|Voice=Act
1	ἐνεδρεύσας	ἐνεδρεύω	VERB	Case=Nom|Gender=Masc|Number=Sing|Tense=Past|VerbForm=Part|Voice=Act
1	ἐνεχείρισα^ν	ἐνεχείρισαν	VERB	Aspect=Perf|Mood=Ind|Number=Plur|Person=3|Tense=Past|VerbForm=Fin|Voice=Act
1	ἐνηδρεύσαμεν	ἐνηδρεύω	VERB	Mood=Ind|Number=Plur|Person=1|Tense=Past|VerbForm=Fin|Voice=Act
1	ἐνθυμήματα^	ἐνθύμημα	NOUN	Case=Nom|Gender=Neut|Number=Plur
1	ἐνθυμουμένῳ	ἐνθυμόω	VERB	Case=Dat|Gender=Masc|Number=Sing|Tense=Pres|VerbForm=Part|Voice=Mid
1	ἐνθύμημα^	ἐνθύμημα	NOUN	Case=Nom|Gender=Neut|Number=Sing
1	ἐνιδόντας	ἐνιδίσκω	VERB	Aspect=Perf|Case=Acc|Gender=Masc|Number=Plur|Tense=Past|VerbForm=Part|Voice=Act
1	ἐντίμως	ἐντίμως	ADV	
1	ἐντεθωρακισμένοι	ἐντεθωρακισμένοι	VERB	Aspect=Perf|Case=Nom|Gender=Masc|Number=Plur|Tense=Past|VerbForm=Part|Voice=Mid
1	ἐντιμοτέρους	ἐντιμός	ADJ	Case=Acc|Degree=Cmp|Gender=Masc|Number=Plur
1	ἐντιμότερος	ἐντιμότερος	ADJ	Case=Nom|Degree=Cmp|Gender=Masc|Number=Sing
1	ἐντοίχια^	ἐντοίχια	NOUN	Case=Acc|Gender=Neut|Number=Plur
1	ἐντυγχάνοντα^	ἐντυγχάνω	VERB	Case=Acc|Gender=Masc|Number=Sing|Tense=Pres|VerbForm=Part|Voice=Act
1	ἐνωμοτίαν	ἐνωμοτία	NOUN	Case=Acc|Gender=Fem|Number=Sing
1	ἐξήλατο	ἐξαύνω	VERB	Aspect=Perf|Mood=Ind|Number=Sing|Person=3|Tense=Past|VerbForm=Fin|Voice=Mid
1	ἐξαιτησαμένη	ἐξαιτησαμένη	VERB	Case=Nom|Gender=Fem|Number=Sing|Tense=Past|VerbForm=Part|Voice=Mid
1	ἐξαμαρτάνοντες	ἐξαμαρτάνω	VERB	Case=Nom|Gender=Masc|Number=Plur|Tense=Pres|VerbForm=Part|Voice=Act
1	ἐξανίστατο	ἐξανίστημι	VERB	Aspect=Imp|Mood=Ind|Number=Sing|Person=3|Tense=Past|VerbForm=Fin|Voice=Mid
1	ἐξαναστά^ντες	ἐξανίστημι	VERB	Case=Nom|Gender=Masc|Number=Plur|Tense=Past|VerbForm=Part|Voice=Act
1	ἐξαναστὰς	ἐξαναίστημι	VERB	Case=Nom|Gender=Masc|Number=Sing|Tense=Past|VerbForm=Part|Voice=Act
1	ἐξαπάτης	ἐξαπάτης	NOUN	Case=Gen|Gender=Fem|Number=Sing
1	ἐξαπατήσαι	ἐξαπατήζω	VERB	Mood=Opt|Number=Sing|Person=3|Tense=Past|VerbForm=Fin|Voice=Act
1	ἐξαπατήσεσθαι	ἐξαπατέομαι	VERB	Tense=Fut|VerbForm=Inf|Voice=Mid
1	ἐξαπατηθέντας	ἐξαπατηθέντας	VERB	Case=Acc|Gender=Masc|Number=Plur|Tense=Past|VerbForm=Part|Voice=Pass
1	ἐξαπατώμενος	ἐξαπατώμενος;	VERB	Case=Nom|Gender=Masc|Number=Sing|Tense=Pres|VerbForm=Part|Voice=Mid
1	ἐξαπατᾶσθαι	ἐξαπατάομαι	VERB	Tense=Pres|VerbForm=Inf|Voice=Mid
1	ἐξεκομίσαντο	ἐξεκομίζομαι	VERB	Mood=Ind|Number=Plur|Person=3|Tense=Past|VerbForm=Fin|Voice=Mid
1	ἐξεκυβί^στα^	ἐξεκυβίστος	ADJ	Case=Acc|Gender=Neut|Number=Plur
1	ἐξεκόμισα^ν	ἐξεκόμισαν	VERB	Mood=Ind|Number=Plur|Person=3|Tense=Past|VerbForm=Fin|Voice=Act
1	ἐξεκύμαινέ	ἐξεκύμαινέ	VERB	Aspect=Imp|Mood=Ind|Number=Sing|Person=3|Tense=Past|VerbForm=Fin|Voice=Act
1	ἐξεληλυθότος	ἐξέρχομαι	VERB	Aspect=Perf|Case=Gen|Gender=Masc|Number=Sing|Tense=Past|VerbForm=Part|Voice=Act
1	ἐξεμηρύοντο	ξεμηρύω	VERB	Aspect=Imp|Mood=Ind|Number=Plur|Person=3|Tense=Past|VerbForm=Fin|Voice=Mid
1	ἐξεπίμπλασα^ν	ἐξεπίμπλασαν	VERB	Aspect=Imp|Mood=Ind|Number=Plur|Person=3|Tense=Past|VerbForm=Fin|Voice=Act
1	ἐξετράφην	ἐξετράφην	VERB	Mood=Ind|Number=Sing|Person=1|Tense=Past|VerbForm=Fin|Voice=Pass
1	ἐξηπατήθην	ἐξηπατήθην	VERB	Mood=Ind|Number=Sing|Person=1|Tense=Past|VerbForm=Fin|Voice=Pass
1	ἐξηπατηκὼς	ἐξηπατηκὼς	VERB	Aspect=Perf|Case=Nom|Gender=Masc|Number=Sing|Tense=Past|VerbForm=Part|Voice=Act
1	ἐξηπατημένοι	ἐξηπατημένοι	VERB	Aspect=Perf|Case=Nom|Gender=Masc|Number=Plur|Tense=Past|VerbForm=Part|Voice=Mid
1	ἐξιόντα^	ἔξεστι	VERB	Case=Acc|Gender=Masc|Number=Sing|Tense=Pres|VerbForm=Part|Voice=Act
1	ἐξοπλι^σίᾳ	ἐξοπλισία	NOUN	Case=Dat|Gender=Fem|Number=Sing
1	ἐξοπλισαμένοις	ἐξοπλισάω	VERB	Aspect=Perf|Case=Dat|Gender=Masc|Number=Plur|Tense=Past|VerbForm=Part|Voice=Mid
1	ἐξοπλισαμένους	ἐξοπλινσάναμαι	VERB	Aspect=Perf|Case=Acc|Gender=Masc|Number=Plur|Tense=Past|VerbForm=Part|Voice=Mid
1	ἐπέλιπεν	ἐπαλείπω	VERB	Mood=Ind|Number=Sing|Person=3|Tense=Past|VerbForm=Fin|Voice=Act
1	ἐπέπατο	ἐπέπατο	VERB	Aspect=Imp|Mood=Ind|Number=Sing|Person=3|Tense=Past|VerbForm=Fin|Voice=Mid
1	ἐπέτυχον	ἐπιτυγχάνω	VERB	Mood=Ind|Number=Plur|Person=3|Tense=Past|VerbForm=Fin|Voice=Act
1	ἐπήγνυτο	πήγνυμι	VERB	Aspect=Imp|Mood=Ind|Number=Sing|Person=3|Tense=Past|VerbForm=Fin|Voice=Mid
1	ἐπίθεσι^ς	ἐπίθεσις	NOUN	Case=Nom|Gender=Fem|Number=Sing
1	ἐπίστασι^ν	ἐπίστασις	NOUN	Case=Acc|Gender=Fem|Number=Sing
1	ἐπίχαρι^	ἐπίχαρις	ADJ	Case=Acc|Gender=Neut|Number=Sing
1	ἐπακολουθοῖεν	ἐπακολουθοῖεν	VERB	Mood=Opt|Number=Plur|Person=3|Tense=Pres|VerbForm=Fin|Voice=Act
1	ἐπακολουθοῦντος	ἐπακολουθέω	VERB	Case=Gen|Gender=Neut|Number=Sing|Tense=Pres|VerbForm=Part|Voice=Act
1	ἐπακούσαντες	ἐπακούω	VERB	Case=Nom|Gender=Masc|Number=Plur|Tense=Past|VerbForm=Part|Voice=Act
1	ἐπανελθόντας	ἐπανέρχομαι	VERB	Case=Acc|Gender=Masc|Number=Plur|Tense=Past|VerbForm=Part|Voice=Act
1	ἐπαπειλεῖν	ἐπαπειλέω	VERB	Tense=Pres|VerbForm=Inf|Voice=Act
1	ἐπαρῴνησα	ἐπαρῴνησα;	VERB	Mood=Ind|Number=Sing|Person=1|Tense=Past|VerbForm=Fin|Voice=Act
1	ἐπεδίωκον	ἐπεδίωκον	VERB	Aspect=Imp|Mood=Ind|Number=Plur|Person=3|Tense=Past|VerbForm=Fin|Voice=Act
1	ἐπεδείκνυεν	ἐπεδείκνυεν	VERB	Aspect=Imp|Mood=Ind|Number=Sing|Person=3|Tense=Past|VerbForm=Fin|Voice=Act
1	ἐπεμαρτύραντο	ἐπεμαρτύραντο	VERB	Mood=Ind|Number=Plur|Person=3|Tense=Past|VerbForm=Fin|Voice=Mid
1	ἐπεξεληλυθότες	ἐπεξέρχομαι	VERB	Aspect=Perf|Case=Nom|Gender=Masc|Number=Plur|Tense=Past|VerbForm=Part|Voice=Act
1	ἐπεψηφικὼς	ἐπεψηφικὼς	VERB	Aspect=Perf|Case=Nom|Gender=Masc|Number=Sing|Tense=Past|VerbForm=Part|Voice=Act
1	ἐπηγγείλατο	ἐπαγγέλλω	VERB	Mood=Ind|Number=Sing|Person=3|Tense=Past|VerbForm=Fin|Voice=Mid
1	ἐπι^δεικνύμενοι	ἐπιδείκνυμι	VERB	Case=Nom|Gender=Masc|Number=Plur|Tense=Pres|VerbForm=Part|Voice=Mid
1	ἐπι^διώκοντες	ἐπιδιώκω	VERB	Case=Nom|Gender=Masc|Number=Plur|Tense=Pres|VerbForm=Part|Voice=Act
1	ἐπι^θυ_μί^αν	ἐπιθυμία	NOUN	Case=Acc|Gender=Fem|Number=Sing
1	ἐπι^κίνδυνόν	ἐπικίνδυνος	ADJ	Case=Nom|Gender=Neut|Number=Sing
1	ἐπι^μιγνύναι	ἐπιμίγνυμι	VERB	Tense=Pres|VerbForm=Inf|Voice=Act
1	ἐπι^σιτιζομένοις	ἐπισιτίζω	VERB	Case=Dat|Gender=Masc|Number=Plur|Tense=Pres|VerbForm=Part|Voice=Mid
1	ἐπι^στρατεία_ς	ἐπιστρατεία	NOUN	Case=Gen|Gender=Fem|Number=Sing
1	ἐπι^στρατεύοντα^	ἐπιστρατεύω	VERB	Case=Acc|Gender=Masc|Number=Sing|Tense=Pres|VerbForm=Part|Voice=Act
1	ἐπι^τιθεμένους	ἐπιτίθημι	VERB	Case=Acc|Gender=Masc|Number=Plur|Tense=Pres|VerbForm=Part|Voice=Mid
1	ἐπιβεβλῆσθαι	ἐπιβεβλῆσθαι	VERB	Aspect=Perf|Tense=Past|VerbForm=Inf|Voice=Mid
1	ἐπιδείξα^σθαι	ἐπιδείχομαι	VERB	Tense=Past|VerbForm=Inf|Voice=Mid
1	ἐπιδείξειν	ἐπιδείξειν	VERB	Tense=Fut|VerbForm=Inf|Voice=Act
1	ἐπιδείξοντες	ἐπιδείξοντες	VERB	Case=Nom|Gender=Masc|Number=Plur|Tense=Fut|VerbForm=Part|Voice=Act
1	ἐπιδεικνύ^μενος	ἐπιδείκνυμς	VERB	Case=Nom|Gender=Masc|Number=Sing|Tense=Pres|VerbForm=Part|Voice=Mid
1	ἐπιδιῶξαι	ἐπιδιῶσσω	VERB	Aspect=Perf|Tense=Past|VerbForm=Inf|Voice=Act
1	ἐπιδόντας	ἐπιμδάνω	VERB	Case=Acc|Gender=Masc|Number=Plur|Tense=Past|VerbForm=Part|Voice=Act
1	ἐπιθέσεως	ἐπίθεσις	NOUN	Case=Gen|Gender=Fem|Number=Sing
1	ἐπιθαλαττίων	ἐπιθαλαττίων	ADJ	Case=Gen|Gender=Neut|Number=Plur
1	ἐπιθυμοῦντα^	ἐπιθυμέω	VERB	Case=Acc|Gender=Masc|Number=Sing|Tense=Pres|VerbForm=Part|Voice=Act
1	ἐπικέοιντο	ἐπικέοιντο	VERB	Mood=Opt|Number=Plur|Person=3|Tense=Pres|VerbForm=Fin|Voice=Mid
1	ἐπικατερρί^πτουν	ἐπικατερρίπτουν	VERB	Aspect=Imp|Mood=Ind|Number=Plur|Person=3|Tense=Past|VerbForm=Fin|Voice=Act
1	ἐπικειμένους	ἐπικειμένους	VERB	Case=Acc|Gender=Masc|Number=Plur|Tense=Pres|VerbForm=Part|Voice=Mid
1	ἐπικεισομένους	ἐπικτίειμι	VERB	Case=Acc|Gender=Masc|Number=Plur|Tense=Fut|VerbForm=Part|Voice=Mid
1	ἐπικινδυνοτέρα^	ἐπικινδυνοτέρα	ADJ	Case=Nom|Degree=Cmp|Gender=Neut|Number=Plur
1	ἐπικούρημα^	ἐπικούρημα	NOUN	Case=Nom|Gender=Neut|Number=Sing
1	ἐπικρατεία_ς	ἐπικράτεια	NOUN	Case=Gen|Gender=Fem|Number=Sing
1	ἐπικρατείᾳ	ἐπικρατεία	NOUN	Case=Dat|Gender=Fem|Number=Sing
1	ἐπικυρωσάτω	ἐπικυρωσάτω	VERB	Mood=Imp|Number=Sing|Person=3|Tense=Past|VerbForm=Fin|Voice=Act
1	ἐπικύψαντα^	ἐπικύπω	VERB	Case=Acc|Gender=Masc|Number=Sing|Tense=Past|VerbForm=Part|Voice=Act
1	ἐπιλέκτους	ἐπίλεκτος	ADJ	Case=Acc|Gender=Masc|Number=Plur
1	ἐπιλέκτων	ἐπίλεκτος	ADJ	Case=Gen|Gender=Masc|Number=Plur
1	ἐπιλαθώμεθα^	ἐπιλαθώμεθα	VERB	Mood=Sub|Number=Plur|Person=1|Tense=Past|VerbForm=Fin|Voice=Mid
1	ἐπιλελοιπότος	ἐπιλελοιπότος	ADJ	Case=Nom|Gender=Masc|Number=Sing
1	ἐπιμέλεια^ν	ἐπιμέλεια	NOUN	Case=Acc|Gender=Fem|Number=Sing
1	ἐπιμαχώτατον	ἐπιμαχός	ADJ	Case=Acc|Degree=Sup|Gender=Neut|Number=Sing
1	ἐπιμελεστέρους	ἐπιμελεστέρους	ADJ	Case=Acc|Degree=Cmp|Gender=Masc|Number=Plur
1	ἐπιμεληθείητε	ἐπιμεληθείητε	VERB	Aspect=Perf|Mood=Opt|Number=Plur|Person=2|Tense=Past|VerbForm=Fin|Voice=Act
1	ἐπιορκεῖν	ἐπιορκέω	VERB	Tense=Pres|VerbForm=Inf|Voice=Act
1	ἐπιορκοῦντα^ς	ἐπιορκέω	VERB	Case=Acc|Gender=Masc|Number=Plur|Tense=Pres|VerbForm=Part|Voice=Act
1	ἐπιορκῆσαι	ἐπιορκέω	VERB	Tense=Past|VerbForm=Inf|Voice=Act
1	ἐπιορκῶ	ἐπιορκέω	VERB	Mood=Ind|Number=Sing|Person=1|Tense=Pres|VerbForm=Fin|Voice=Act
1	ἐπιορκῶν	ἐπιορκέω	VERB	Case=Nom|Gender=Masc|Number=Sing|Tense=Pres|VerbForm=Part|Voice=Act
1	ἐπιπέσοιτε	ἐπιπέσνω	VERB	Mood=Sub|Number=Plur|Person=2|Tense=Past|VerbForm=Fin|Voice=Act
1	ἐπιπεπτωκυῖα^	ἐπιπεπτωκυῖα	VERB	Aspect=Perf|Case=Nom|Gender=Fem|Number=Sing|Tense=Past|VerbForm=Part|Voice=Act
1	ἐπιπεσεῖσθαι	ἐπιπεσεῖσθαι	VERB	Tense=Fut|VerbForm=Inf|Voice=Mid
1	ἐπιπεσοῦνται	ἐπιπεσοῦνται	VERB	Mood=Ind|Number=Plur|Person=3|Tense=Fut|VerbForm=Fin|Voice=Mid
1	ἐπιπονωτέρα^	ἐπιπονωτέρα	ADJ	Case=Nom|Degree=Cmp|Gender=Neut|Number=Plur
1	ἐπισιτιούμεθα^	ἐπισιτιέω	VERB	Mood=Ind|Number=Plur|Person=1|Tense=Pres|VerbForm=Fin|Voice=Mid
1	ἐπιστιτίζεσθαι	ἐπιστιτίζομαι	VERB	Tense=Pres|VerbForm=Inf|Voice=Mid
1	ἐπιτάττοντος	ἐπιτάττω	VERB	Case=Gen|Gender=Masc|Number=Sing|Tense=Pres|VerbForm=Part|Voice=Act
1	ἐπιτηδειοτά^τους	ἐπιτηδειός	ADJ	Case=Acc|Degree=Sup|Gender=Masc|Number=Plur
1	ἐπιτυχόντες	ἐπιτυχόντες	VERB	Case=Nom|Gender=Masc|Number=Plur|Tense=Past|VerbForm=Part|Voice=Act
1	ἐπιχειρήσα_ς	ἐπιχειρέω	VERB	Case=Nom|Gender=Masc|Number=Sing|Tense=Past|VerbForm=Part|Voice=Act
1	ἐπιχειρήσαιμι^	ἐπιχειρέω	VERB	Mood=Opt|Number=Sing|Person=1|Tense=Past|VerbForm=Fin|Voice=Act
1	ἐπιχειροῖεν	ἐπιχειρέω	VERB	Mood=Opt|Number=Plur|Person=3|Tense=Pres|VerbForm=Fin|Voice=Act
1	ἐπιχειροῦσι^	ἐπιχειρέω	VERB	Mood=Ind|Number=Plur|Person=3|Tense=Pres|VerbForm=Fin|Voice=Act
1	ἐπιχειροῦσι^ν	ἐπιχειρέω	VERB	Mood=Ind|Number=Plur|Person=3|Tense=Pres|VerbForm=Fin|Voice=Act
1	ἐπιψηφιῶ	ἐπιψηφιόω	VERB	Mood=Ind|Number=Sing|Person=1|Tense=Fut|VerbForm=Fin|Voice=Act
1	ἐπιωρκήκασί^	ἐπιωρκήκασί	VERB	Aspect=Perf|Mood=Ind|Number=Plur|Person=3|Tense=Past|VerbForm=Fin|Voice=Act
1	ἐπιωρκήκασι^ν	ἐπιωρκήκασιν	VERB	Aspect=Perf|Mood=Ind|Number=Plur|Person=3|Tense=Past|VerbForm=Fin|Voice=Act
1	ἐρίφεια^	ἐρίφειον	NOUN	Case=Acc|Gender=Neut|Number=Plur
1	ἐργασομένων	ἐργασομένων	VERB	Case=Gen|Gender=Neut|Number=Plur|Tense=Pres|VerbForm=Part|Voice=Mid
1	ἐρυμνὰ	ἐρυμνός	ADJ	Case=Nom|Gender=Fem|Number=Sing
1	ἐσδραμόντες	ἐστρέχω	VERB	Case=Nom|Gender=Masc|Number=Plur|Tense=Past|VerbForm=Part|Voice=Act
1	ἐσθίοντες	ἐσθίω	VERB	Case=Nom|Gender=Masc|Number=Plur|Tense=Pres|VerbForm=Part|Voice=Act
1	ἐστεφανωμένους	ἐστεφανάομαι	VERB	Aspect=Perf|Case=Acc|Gender=Masc|Number=Plur|Tense=Past|VerbForm=Part|Voice=Mid
1	ἐσφαγιάζοντο	σφαγιάζω	VERB	Aspect=Imp|Mood=Ind|Number=Plur|Person=3|Tense=Past|VerbForm=Fin|Voice=Mid
1	ἐταράττοντο	ἐταράττοντο	VERB	Aspect=Imp|Mood=Ind|Number=Plur|Person=3|Tense=Past|VerbForm=Fin|Voice=Mid
1	ἐφιλοφρονήσαντο	ἐφιλοφρονήσαντο	VERB	Mood=Ind|Number=Plur|Person=3|Tense=Past|VerbForm=Fin|Voice=Mid
1	ἐφιστάμενοι	ἐφίσταμαι	VERB	Case=Nom|Gender=Masc|Number=Plur|Tense=Pres|VerbForm=Part|Voice=Mid
1	ἐφυλάττετο	φυλάττω	VERB	Aspect=Imp|Mood=Ind|Number=Sing|Person=3|Tense=Past|VerbForm=Fin|Voice=Mid
1	ἐφυλάττοντο	φυλάττω	VERB	Aspect=Imp|Mood=Ind|Number=Plur|Person=3|Tense=Past|VerbForm=Fin|Voice=Mid
1	ἐφύλαττεν	φυλάσσω	VERB	Aspect=Imp|Mood=Ind|Number=Sing|Person=3|Tense=Past|VerbForm=Fin|Voice=Act
1	ἐφύλαττον	φυλάττω	VERB	Aspect=Imp|Mood=Ind|Number=Plur|Person=3|Tense=Past|VerbForm=Fin|Voice=Act
1	ἐψιλοῦτο	ἐψιλοῦτο	VERB	Aspect=Imp|Mood=Ind|Number=Sing|Person=3|Tense=Past|VerbForm=Fin|Voice=Mid
1	ἑαλωκυία_ς	ἑαλωκυίας	VERB	Aspect=Perf|Case=Gen|Gender=Fem|Number=Sing|Tense=Past|VerbForm=Part|Voice=Act
1	ἑαλωκότας	ἁλίσκομαι	VERB	Aspect=Perf|Case=Acc|Gender=Masc|Number=Plur|Tense=Past|VerbForm=Part|Voice=Act
1	ἑλληνικῶς	ἑλληνικῶς	ADV	
1	ἑλληνιστὶ	ἑλληνιστὶ	ADV	
1	ἑξακισχιλί^ους	ἑξακισχίλιοι	ADJ	Case=Acc|Gender=Masc|Number=Plur
1	ἑξακισχιλίων	ἑξακισχίλιοι	ADJ	Case=Gen|Gender=Masc|Number=Plur
1	ἑορακότας	ἑορακότας	VERB	Aspect=Perf|Case=Acc|Gender=Masc|Number=Plur|Tense=Past|VerbForm=Part|Voice=Act
1	ἑορακότες	ὁράο	VERB	Aspect=Perf|Case=Nom|Gender=Masc|Number=Plur|Tense=Past|VerbForm=Part|Voice=Act
1	ἔχθραν	ἔχθρα	NOUN	Case=Acc|Gender=Fem|Number=Sing
1	Ἐκβάτανα^	Ἐκβάτανα	NOUN	Case=Acc|Gender=Neut|Number=Plur
1	Ἐκβατάνων	ἐκβάτανα	VERB	Case=Nom|Gender=Masc|Number=Sing|Tense=Pres|VerbForm=Part|Voice=Act
1	Ἐρετριέως	Ἐρετριεύς	NOUN	Case=Gen|Gender=Masc|Number=Sing
1	Ἑκατωνύμῳ	Ἑκατωνύμῳ	ADJ	Case=Dat|Degree=Pos|Gender=Masc|Number=Sing
1	Ἑλληνίς	ἑλληνίς	NOUN	Case=Nom|Gender=Masc|Number=Sing
1	Ἑλληνικὰ^	ἑλληνικός	ADJ	Case=Acc|Gender=Neut|Number=Plur
1	Ἑλλησποντιακαὶ	Ἑλλησποντιακαὶ	ADJ	Case=Nom|Gender=Fem|Number=Plur
1	Ἑσπεριτῶν	Ἑσπεριτῶν	ADJ	Case=Gen|Gender=Masc|Number=Plur
1	ἠγγυᾶτο	ἠγγυᾶτο	VERB	Aspect=Perf|Mood=Ind|Number=Sing|Person=3|Tense=Past|VerbForm=Fin|Voice=Mid
1	ἠλάλαζον	ἠλάλαζον	VERB	Aspect=Imp|Mood=Ind|Number=Plur|Person=3|Tense=Past|VerbForm=Fin|Voice=Act
1	ἠλίθιοί	ἠλίθιός	ADJ	Case=Nom|Gender=Masc|Number=Plur
1	ἠλιθίων	ἠλιθίων	ADJ	Case=Gen|Gender=Masc|Number=Plur
1	ἠλιθίῳ	ἠλιθίῳ	ADJ	Case=Dat|Degree=Pos|Gender=Masc|Number=Sing
1	ἠριστηκότας	ἠριστηκότας	VERB	Aspect=Perf|Case=Acc|Gender=Masc|Number=Plur|Tense=Past|VerbForm=Part|Voice=Act
1	ἡδίονι^	ἡδίων	ADJ	Case=Dat|Number=Sing
1	ἡδυοίνους	ἡδυοίνους	ADJ	Case=Acc|Gender=Masc|Number=Plur
1	ἡλι^κίᾳ	ἡλικία	NOUN	Case=Dat|Gender=Fem|Number=Sing
1	ἡλικιωτῶν	ἡλικιωτῶν	NOUN	Case=Gen|Gender=Masc|Number=Plur
1	ἡμιδαρεικὰ^	ἡμιδαρεικὰ	NOUN	Case=Acc|Gender=Neut|Number=Plur
1	ἡμιδεεῖς	ἡμιδεής	ADJ	Case=Acc|Gender=Masc|Number=Plur
1	ἡμιονικὰ^	ἡμιονικὰ	ADJ	Case=Acc|Gender=Neut|Number=Plur
1	ἡμιωβέλιον	ἡμιωβέλιος	NOUN	Case=Acc|Gender=Masc|Number=Sing
1	ἡμιόλιον	ἡμιόλιος	ADJ	Case=Acc|Gender=Neut|Number=Sing
1	ἡττῴμεθα	ἡττῴμεθα	VERB	Mood=Sub|Number=Plur|Person=1|Tense=Pres|VerbForm=Fin|Voice=Mid
1	ἥδιόν	ἥδιος	ADJ	Case=Acc|Gender=Neut|Number=Sing
1	Ἡρακλεώτιδος	Ἡρακλεῶτις	NOUN	Case=Gen|Gender=Fem|Number=Sing
1	ἰδι^ωτι^κός	ἰδιωτικός	ADJ	Case=Nom|Gender=Masc|Number=Sing
1	ἰδι^ώτης	ἰδιώτης	NOUN	Case=Nom|Gender=Masc|Number=Sing
1	ἰδιότητα^	ἰδιότης	NOUN	Case=Acc|Gender=Fem|Number=Sing
1	ἰδιώτου	ἰδιώτης	NOUN	Case=Gen|Gender=Masc|Number=Sing
1	ἰδοῦσι^	ὁράω	VERB	Aspect=Perf|Case=Dat|Gender=Masc|Number=Plur|Tense=Past|VerbForm=Part|Voice=Act
1	ἰδόντι^	ὁράω	VERB	Case=Dat|Gender=Masc|Number=Sing|Tense=Past|VerbForm=Part|Voice=Act
1	ἰοῦσι^	εἶμι	VERB	Case=Dat|Gender=Masc|Number=Plur|Tense=Pres|VerbForm=Part|Voice=Act
1	ἰρεινῶν	ἰρεινόν	NOUN	Case=Gen|Gender=Masc|Number=Plur
1	ἰσοχειλεῖς	ἰσοχειλής	ADJ	Case=Nom|Gender=Fem|Number=Plur
1	ἰσχυρὰ	ἰσχυρός	ADJ	Case=Nom|Gender=Fem|Number=Sing
1	ἰσόπλευρον	ἰσόπλευρος	ADJ	Case=Acc|Gender=Neut|Number=Sing
1	ἱερείου	ἱερεῖον	NOUN	Case=Gen|Gender=Neut|Number=Sing
1	ἱκέτευον	ἱκέτευον	VERB	Aspect=Imp|Mood=Ind|Number=Plur|Person=3|Tense=Past|VerbForm=Fin|Voice=Act
1	ἱκανά^	ἱκανός	ADJ	Case=Acc|Gender=Neut|Number=Plur
1	ἱκανώτατον	ἱκανώτατον	ADJ	Case=Acc|Degree=Sup|Gender=Masc|Number=Sing
1	ἱκανώτερα^	ἱκανός	ADJ	Case=Acc|Degree=Cmp|Gender=Neut|Number=Plur
1	ἱκανὰ_ς	ἱκανός	ADJ	Case=Acc|Gender=Fem|Number=Plur
1	ἱππασίαν	ἱππασίαν	NOUN	Case=Acc|Gender=Fem|Number=Sing
1	ἱππείαν	ἱππεία	NOUN	Case=Acc|Gender=Fem|Number=Sing
1	ἱππικὴν	ἱππικός	ADJ	Case=Acc|Gender=Fem|Number=Sing
1	ἴοιμεν	ἴω	VERB	Mood=Opt|Number=Plur|Person=1|Tense=Pres|VerbForm=Fin|Voice=Act
1	ἴτυος	ἴτυς	NOUN	Case=Gen|Gender=Fem|Number=Sing
1	ἴτωσα^ν	ἴτωσαν	VERB	Mood=Imp|Number=Plur|Person=3|Tense=Pres|VerbForm=Fin|Voice=Act
1	Ἰασονίαν	Ἰασονία	NOUN	Case=Acc|Gender=Fem|Number=Sing
1	Ἰκόνιον	ἰκόνιον	NOUN	Case=Acc|Gender=Neut|Number=Sing
1	Ἰταμένης	Ἰταμένης	VERB	Case=Gen|Gender=Fem|Number=Sing|Tense=Pres|VerbForm=Part|Voice=Mid
1	Ἰωνικαὶ	Ἰωνικός	ADJ	Case=Nom|Gender=Fem|Number=Plur
1	Ἴδην	ἴδη	NOUN	Case=Acc|Gender=Fem|Number=Sing
1	Ἴριος	Ἴρις	NOUN	Case=Gen|Gender=Masc|Number=Sing
1	ὀπισθοφυλακήσαντες	ὀπισθοφυλακέω	VERB	Case=Nom|Gender=Masc|Number=Plur|Tense=Past|VerbForm=Part|Voice=Act
1	ὀπισθοφυλακίαν	ὀπισθοφυλακίαν;	NOUN	Case=Acc|Gender=Fem|Number=Sing
1	ὀπισθοφυλακεῖν	ὀπισθοφυλακέω	VERB	Tense=Pres|VerbForm=Inf|Voice=Act
1	ὀπισθοφυλακοῖμεν	ὀπισθοφυλακοῖ	VERB	Mood=Sub|Number=Plur|Person=1|Tense=Pres|VerbForm=Fin|Voice=Act
1	ὀπισθοφυλακοῦντες	ὀπισθοφυλακέω	VERB	Case=Nom|Gender=Masc|Number=Plur|Tense=Pres|VerbForm=Part|Voice=Act
1	ὀπισθοφυλακῶν	ὀπισθοφυλακῶ	VERB	Case=Nom|Gender=Masc|Number=Sing|Tense=Pres|VerbForm=Part|Voice=Act
1	ὀργυιά	ὀργυιά	ADJ	Case=Nom|Gender=Fem|Number=Sing
1	ὀργυιὰς	ὀργυιά	NOUN	Case=Acc|Gender=Fem|Number=Plur
1	ὀρνίθεια^	ὀρνίθειον	NOUN	Case=Acc|Gender=Neut|Number=Plur
1	ὀρχηστρίδα	ὀρχηστρίς	NOUN	Case=Acc|Gender=Fem|Number=Sing
1	ὀχήματός	ὀχήματός	NOUN	Case=Gen|Gender=Neut|Number=Sing
1	ὀχυρὸν	ὀχυρὸς	ADJ	Case=Nom|Degree=Pos|Gender=Neut|Number=Sing
1	ὁμοτράπεζοι	ὁμοτράπεζος	ADJ	Case=Nom|Gender=Masc|Number=Plur
1	ὁμοτράπεζος	ὁμοτράπεζος	ADJ	Case=Nom|Gender=Masc|Number=Sing
1	ὁντιναοῦν	ὁντιναοῦν	ADJ	Case=Acc|Gender=Masc|Number=Sing
1	ὁπλίσεως	ὁπλίσεως	NOUN	Case=Gen|Gender=Fem|Number=Sing
1	ὁπλιτεύοι	ὁπλιτεύω	VERB	Mood=Opt|Number=Sing|Person=3|Tense=Pres|VerbForm=Fin|Voice=Act
1	ὁπλιτι^κόν	ὁπλιτικός	ADJ	Case=Nom|Gender=Neut|Number=Sing
1	ὁπλομαχίαν	ὁπλομαχία	NOUN	Case=Acc|Gender=Fem|Number=Sing
1	ὁρισάμενοι	ὁρίζω	VERB	Case=Nom|Gender=Masc|Number=Plur|Tense=Past|VerbForm=Part|Voice=Mid
1	Ὀδρύσην	Ὀδρύσην	VERB	Tense=Fut|VerbForm=Inf|Voice=Act
1	Ὀδρύσης	Ὀδρύσης	VERB	Case=Nom|Gender=Masc|Number=Sing|Tense=Past|VerbForm=Part|Voice=Act
1	Ὀλύνθιος	Ὀλύνθιος	ADJ	Case=Nom|Gender=Masc|Number=Sing
1	Ὀφρύνιον	Ὀφρύνιον	NOUN	Case=Acc|Gender=Neut|Number=Sing
1	ὑ^πεληλυθέναι	ὑπέρχομαι	VERB	Aspect=Perf|Tense=Past|VerbForm=Inf|Voice=Act
1	ὑ^ποπτεύσας	ὑποπτεύω	VERB	Case=Nom|Gender=Masc|Number=Sing|Tense=Past|VerbForm=Part|Voice=Act
1	ὑ^ποστρέψας	ὑποστρέφω	VERB	Case=Nom|Gender=Masc|Number=Sing|Tense=Past|VerbForm=Part|Voice=Act
1	ὑ^ποψίαι	ὑποψία	NOUN	Case=Nom|Gender=Fem|Number=Plur
1	ὑ^ποψίαν	ὑποψία	NOUN	Case=Acc|Gender=Fem|Number=Sing
1	ὑ^φίεντο	ὑφίημι	VERB	Aspect=Imp|Mood=Ind|Number=Plur|Person=3|Tense=Past|VerbForm=Fin|Voice=Mid
1	ὑγιαίνοντες	ὑγιαίνω	VERB	Case=Nom|Gender=Masc|Number=Plur|Tense=Pres|VerbForm=Part|Voice=Act
1	ὑδροφορούσας	ὑδροφορούω	VERB	Case=Acc|Gender=Fem|Number=Plur|Tense=Pres|VerbForm=Part|Voice=Act
1	ὑιδοῦς	ὑιδόος	NOUN	Case=Acc|Gender=Masc|Number=Plur
1	ὑπά^γεται	ὑπάγεμαι	VERB	Mood=Ind|Number=Sing|Person=3|Tense=Pres|VerbForm=Fin|Voice=Act
1	ὑπέμενε	ὑπομεμνάνω	VERB	Aspect=Imp|Mood=Ind|Number=Sing|Person=3|Tense=Past|VerbForm=Fin|Voice=Act
1	ὑπέσχεσθε	ὑπέσχεμαι	VERB	Mood=Ind|Number=Plur|Person=2|Tense=Pres|VerbForm=Fin|Voice=Mid
1	ὑπεδέχετο	ὑποδέχω	VERB	Aspect=Imp|Mood=Ind|Number=Sing|Person=3|Tense=Past|VerbForm=Fin|Voice=Mid
1	ὑπελείποντό	ὑπελείποντό	VERB	Aspect=Imp|Mood=Ind|Number=Plur|Person=3|Tense=Past|VerbForm=Fin|Voice=Mid
1	ὑπερέβα^λλον	ὑπεραβάλλω	VERB	Aspect=Imp|Mood=Ind|Number=Plur|Person=3|Tense=Past|VerbForm=Fin|Voice=Act
1	ὑπερέχειν	ὑπερέχω	VERB	Tense=Pres|VerbForm=Inf|Voice=Act
1	ὑπεραλλομένων	ὑπεράλλω	VERB	Case=Gen|Gender=Masc|Number=Plur|Tense=Pres|VerbForm=Part|Voice=Mid
1	ὑπερανατείνας	ὑπερανατείνω	VERB	Case=Nom|Gender=Masc|Number=Sing|Tense=Past|VerbForm=Part|Voice=Act
1	ὑπερβά^λλον	ὑπερβάλλω	VERB	Case=Nom|Gender=Neut|Number=Sing|Tense=Pres|VerbForm=Part|Voice=Act
1	ὑπερβάλλοντα^ς	ὑπερβάλλω	VERB	Case=Acc|Gender=Masc|Number=Plur|Tense=Pres|VerbForm=Part|Voice=Act
1	ὑπερβαίνουσι^ν	ὑπερβαίνω	VERB	Mood=Ind|Number=Plur|Person=3|Tense=Pres|VerbForm=Fin|Voice=Act
1	ὑπερβαλόντες	ὑπερβάλλω	VERB	Case=Nom|Gender=Masc|Number=Plur|Tense=Past|VerbForm=Part|Voice=Act
1	ὑπερβολήν	ὑπερβολή	NOUN	Case=Acc|Gender=Fem|Number=Sing
1	ὑπερβολὰ_ς	ὑπερβολή	NOUN	Case=Acc|Gender=Fem|Number=Plur
1	ὑπερδέξια^	ὑπερδέξιος	ADJ	Case=Acc|Gender=Neut|Number=Plur
1	ὑπερδέξιον	ὑπερδέξιος	ADJ	Case=Acc|Gender=Neut|Number=Sing
1	ὑπερεκάθηντο	ὑπερεκάθηντο	VERB	Mood=Ind|Number=Plur|Person=3|Tense=Past|VerbForm=Fin|Voice=Mid
1	ὑπερεχούσης	ὑπερεχούσης	VERB	Case=Gen|Gender=Fem|Number=Sing|Tense=Pres|VerbForm=Part|Voice=Act
1	ὑπερκάθηνται	ὑπερκάθηνται	VERB	Aspect=Perf|Mood=Ind|Number=Plur|Person=3|Tense=Past|VerbForm=Fin|Voice=Mid
1	ὑπερορία_ς	ὑπερορία	NOUN	Case=Gen|Gender=Fem|Number=Sing
1	ὑπερύψηλα^	ὑπερύψηλος	ADJ	Case=Nom|Gender=Neut|Number=Plur
1	ὑπερῆλθον	ὑπερέρχομαι	VERB	Aspect=Perf|Mood=Ind|Number=Plur|Person=3|Tense=Past|VerbForm=Fin|Voice=Act
1	ὑπεστρατήγει	ὑπεστρατήγει	VERB	Mood=Ind|Number=Sing|Person=3|Tense=Pqp|VerbForm=Fin|Voice=Act
1	ὑπεσχημένοι	ὑπεσχημένοι	VERB	Aspect=Perf|Case=Nom|Gender=Masc|Number=Plur|Tense=Past|VerbForm=Part|Voice=Mid
1	ὑπεῖξά^ν	ὑπεῖξάν	VERB	Mood=Ind|Number=Plur|Person=3|Tense=Past|VerbForm=Fin|Voice=Act
1	ὑπηντίαζεν	ὑπηντίαζεν	VERB	Aspect=Imp|Mood=Ind|Number=Sing|Person=3|Tense=Past|VerbForm=Fin|Voice=Act
1	ὑπηρέται	ὑπηρέτης	NOUN	Case=Nom|Gender=Masc|Number=Plur
1	ὑπηρετήσειεν	ὑπηρετέω	VERB	Mood=Opt|Number=Sing|Person=3|Tense=Past|VerbForm=Fin|Voice=Act
1	ὑπηρετήσητε	ὑπηρετέω	VERB	Aspect=Perf|Mood=Sub|Number=Plur|Person=2|Tense=Past|VerbForm=Fin|Voice=Act
1	ὑπηρετοῖμεν	ὑπηρετοῖ	VERB	Mood=Opt|Number=Plur|Person=1|Tense=Pres|VerbForm=Fin|Voice=Act
1	ὑπηρετῆσαί	ὑπηρετῆσαί	VERB	Tense=Past|VerbForm=Inf|Voice=Act
1	ὑπηρετῶν	ὑπηρέτης	NOUN	Case=Gen|Gender=Masc|Number=Plur
1	ὑπι^σχνεῖσθε	ὑπισχνεῖσθε	VERB	Mood=Ind|Number=Plur|Person=2|Tense=Pres|VerbForm=Fin|Voice=Mid
1	ὑπι^σχνούμενός	ὑπισχνούμενός	VERB	Case=Nom|Gender=Masc|Number=Sing|Tense=Pres|VerbForm=Part|Voice=Mid
1	ὑπι^σχνοῦμαί	ὑπισχνοῦμαι	VERB	Mood=Ind|Number=Sing|Person=1|Tense=Pres|VerbForm=Fin|Voice=Mid
1	ὑπι^σχνοῦνταί	ὑπισχνοῦνταί	VERB	Mood=Ind|Number=Plur|Person=3|Tense=Pres|VerbForm=Fin|Voice=Mid
1	ὑπι_σχνοῦντο	ὑπισχνοῦντο	VERB	Aspect=Imp|Mood=Ind|Number=Plur|Person=3|Tense=Past|VerbForm=Fin|Voice=Mid
1	ὑπισχνουμένου	ὑπισχνέομαι	VERB	Case=Gen|Gender=Masc|Number=Sing|Tense=Pres|VerbForm=Part|Voice=Mid
1	ὑπισχνουμένους	ὑπισχνέω	VERB	Case=Acc|Gender=Masc|Number=Plur|Tense=Pres|VerbForm=Part|Voice=Mid
1	ὑποδέχεσθαι	ὑποδέχομαι	VERB	Tense=Pres|VerbForm=Inf|Voice=Mid
1	ὑποδεδεμένοι	ὑποδέω	VERB	Aspect=Perf|Case=Nom|Gender=Masc|Number=Plur|Tense=Past|VerbForm=Part|Voice=Mid
1	ὑποδεεστέρων	ὑποδεής	ADJ	Case=Gen|Degree=Cmp|Gender=Masc|Number=Plur
1	ὑποζύγιον	ὑποζύγιον	NOUN	Case=Nom|Gender=Neut|Number=Sing
1	ὑποκαταβὰς	ὑποκαταβαίνω	VERB	Case=Nom|Gender=Masc|Number=Sing|Tense=Past|VerbForm=Part|Voice=Act
1	ὑπολειπομένου	ὑπόλειπομαι	VERB	Case=Gen|Gender=Neut|Number=Sing|Tense=Pres|VerbForm=Part|Voice=Mid
1	ὑπολειπόμενα^	ὑπολείπω	VERB	Case=Acc|Gender=Neut|Number=Plur|Tense=Pres|VerbForm=Part|Voice=Mid
1	ὑπολειπόμενον	ὑπολείπω	VERB	Case=Acc|Gender=Neut|Number=Sing|Tense=Pres|VerbForm=Part|Voice=Mid
1	ὑπολειφθέντας	ὑπολείπω	VERB	Case=Acc|Gender=Masc|Number=Plur|Tense=Past|VerbForm=Part|Voice=Pass
1	ὑπολελειμμένους	ὑπολείπω	VERB	Aspect=Perf|Case=Acc|Gender=Masc|Number=Plur|Tense=Past|VerbForm=Part|Voice=Mid
1	ὑπολόχα_γοι	ὑπολόχαγος	NOUN	Case=Nom|Gender=Masc|Number=Plur
1	ὑπολύοιτο	ὑπολύω	VERB	Mood=Opt|Number=Sing|Person=3|Tense=Pres|VerbForm=Fin|Voice=Mid
1	ὑπομένοντα^ς	ὑπομένω	VERB	Case=Acc|Gender=Masc|Number=Plur|Tense=Pres|VerbForm=Part|Voice=Act
1	ὑπομαλακιζομένους	ὑπομαλακιζομένους	VERB	Case=Acc|Gender=Masc|Number=Plur|Tense=Pres|VerbForm=Part|Voice=Mid
1	ὑποπέμψεια^ν	ὑπαοπέμφω	VERB	Mood=Opt|Number=Plur|Person=3|Tense=Past|VerbForm=Fin|Voice=Act
1	ὑποπεπωκὼς	ὑποπεπωκὼς	VERB	Aspect=Perf|Case=Nom|Gender=Masc|Number=Sing|Tense=Past|VerbForm=Part|Voice=Act
1	ὑποστήσαντες	ὑποστήσαντες	VERB	Case=Nom|Gender=Masc|Number=Plur|Tense=Past|VerbForm=Part|Voice=Act
1	ὑποστράτηγον	ὑποστράτηγος	NOUN	Case=Acc|Gender=Masc|Number=Sing
1	ὑποστρέψαντα^ς	ὑποστρέπω	VERB	Case=Acc|Gender=Masc|Number=Plur|Tense=Past|VerbForm=Part|Voice=Act
1	ὑποστραφέντες	ὑποστρέφω	VERB	Case=Nom|Gender=Masc|Number=Plur|Tense=Past|VerbForm=Part|Voice=Pass
1	ὑποσχεῖν	ὑποσχεῖν	VERB	Tense=Past|VerbForm=Inf|Voice=Act
1	ὑπουργὸν	ὑπουργὸς	NOUN	Case=Acc|Gender=Masc|Number=Sing
1	ὑποφειδόμενοι	ὑποφέιδω	VERB	Case=Nom|Gender=Masc|Number=Plur|Tense=Pres|VerbForm=Part|Voice=Mid
1	ὑποχείριοι	ὑποχείριος	ADJ	Case=Nom|Gender=Masc|Number=Plur
1	ὑποχείριος	ὑποχείριος	ADJ	Case=Nom|Degree=Pos|Gender=Masc|Number=Sing
1	ὑποχωρούντων	ὑποχωρέω	VERB	Case=Gen|Gender=Masc|Number=Plur|Tense=Pres|VerbForm=Part|Voice=Act
1	ὑποχωροῖεν	ὑποχωρέω	VERB	Mood=Opt|Number=Plur|Person=3|Tense=Pres|VerbForm=Fin|Voice=Act
1	ὑποχωρῆσαι	ὑποχωρέω	VERB	Tense=Past|VerbForm=Inf|Voice=Act
1	ὑπόπεμπτος	ὑπόπεμπτος	ADJ	Case=Nom|Gender=Masc|Number=Sing
1	ὑπόσχησθε	ὑπόσχησθε	VERB	Aspect=Perf|Mood=Sub|Number=Plur|Person=2|Tense=Past|VerbForm=Fin|Voice=Mid
1	ὑπόσχοιτό	ὑπόσχοιτό	VERB	Mood=Opt|Number=Sing|Person=3|Tense=Past|VerbForm=Fin|Voice=Mid
1	ὑπῆν	ὕπειμι	VERB	Aspect=Imp|Mood=Ind|Number=Sing|Person=3|Tense=Past|VerbForm=Fin|Voice=Act
1	ὑφίεσθαι	ὑφίεμι	VERB	Tense=Pres|VerbForm=Inf|Voice=Mid
1	ὑφειμένως	ὑφειμένως	ADV	
1	ὑφεῖτο	ὑφεῖτο	VERB	Mood=Opt|Number=Sing|Person=3|Tense=Pres|VerbForm=Fin|Voice=Mid
1	ὑφησόμεθα^	ὑφέομαι	VERB	Mood=Ind|Number=Plur|Person=1|Tense=Fut|VerbForm=Fin|Voice=Mid
1	ὑφιέντας	ὑφιέντας	VERB	Case=Acc|Gender=Masc|Number=Plur|Tense=Pres|VerbForm=Part|Voice=Act
1	ὑψηλότατα^	ὑψηλός	ADJ	Case=Acc|Degree=Sup|Gender=Neut|Number=Plur
1	ὕποχα^	ὕποχα	ADP	
1	Ὑπερβά^λλουσι^	Ὑπερβάλλω	VERB	Mood=Ind|Number=Plur|Person=3|Tense=Pres|VerbForm=Fin|Voice=Act
1	Ὑρκάνιοι	ὑρκάνιοι	NOUN	Case=Nom|Gender=Masc|Number=Plur
1	ὠπισθοφυλά^κουν	ὠπισθοφυλάκουν	VERB	Aspect=Imp|Mood=Ind|Number=Plur|Person=3|Tense=Past|VerbForm=Fin|Voice=Act
1	ᾐκίσαντο	ᾐκίσαντο	VERB	Aspect=Perf|Mood=Ind|Number=Plur|Person=3|Tense=Past|VerbForm=Fin|Voice=Mid
1	ᾐσθανόμην	αἰσθανάνομαι	VERB	Mood=Ind|Number=Sing|Person=1|Tense=Past|VerbForm=Fin|Voice=Mid
1	ᾤκτιρον	ᾤκτιρον	VERB	Aspect=Imp|Mood=Ind|Number=Plur|Person=3|Tense=Past|VerbForm=Fin|Voice=Act
1	ᾤμεθα	ᾤμεθα	VERB	Mood=Sub|Number=Plur|Person=1|Tense=Pres|VerbForm=Fin|Voice=Mid
1	ῥύματος	ῥύματος	NOUN	Case=Gen|Gender=Neut|Number=Sing
1	ῥᾳθυμίαν	ῥᾳθυμία	NOUN	Case=Acc|Gender=Fem|Number=Sing
1	ῥᾳθυμεῖν	ῥᾳθυμέω	VERB	Tense=Pres|VerbForm=Inf|Voice=Act
1	Ῥαθίνης	Ῥαθίνη	NOUN	Case=Gen|Gender=Fem|Number=Sing
1	Ῥωπάρα_ς	Ῥωπάρη	NOUN	Case=Acc|Gender=Fem|Number=Plur
